Date,Category,RefNo,Date2,Withdrawal,Deposit,Balance,Transaction_Date,Amount,Transaction_Type,Year,Month,Month_Name,Day,Day_Name,Week_Number,Year_Month,Is_Salary_Month
1/1/2023,Rent,3.00E+11,1/1/2023,3950.0,0.0,1837.23,2023-01-01,3950.0,Debit,2023,1,January,1,Sunday,52,2023-01,Regular Month
3/1/2023,Misc,3.00E+11,3/1/2023,105.0,0.0,1732.23,2023-03-01,105.0,Debit,2023,3,March,1,Wednesday,9,2023-03,Regular Month
3/1/2023,Misc,3.37E+11,3/1/2023,0.0,55.0,1787.23,2023-03-01,55.0,Credit,2023,3,March,1,Wednesday,9,2023-03,Regular Month
3/1/2023,Food,3.00E+11,3/1/2023,56.0,0.0,1731.23,2023-03-01,56.0,Debit,2023,3,March,1,Wednesday,9,2023-03,Regular Month
3/1/2023,Misc,3.37E+11,3/1/2023,1.0,0.0,1730.23,2023-03-01,1.0,Debit,2023,3,March,1,Wednesday,9,2023-03,Regular Month
3/1/2023,Food,3.00E+11,3/1/2023,30.0,0.0,1700.23,2023-03-01,30.0,Debit,2023,3,March,1,Wednesday,9,2023-03,Regular Month
4/1/2023,Misc,3.00E+11,4/1/2023,500.0,0.0,1200.23,2023-04-01,500.0,Debit,2023,4,April,1,Saturday,13,2023-04,Regular Month
4/1/2023,Misc,3.00E+11,4/1/2023,1.0,0.0,1199.23,2023-04-01,1.0,Debit,2023,4,April,1,Saturday,13,2023-04,Regular Month
4/1/2023,Misc,3.00E+11,4/1/2023,500.0,0.0,699.23,2023-04-01,500.0,Debit,2023,4,April,1,Saturday,13,2023-04,Regular Month
10/1/2023,Food,3.01E+11,10/1/2023,28.0,0.0,671.23,2023-10-01,28.0,Debit,2023,10,October,1,Sunday,39,2023-10,Regular Month
10/1/2023,Misc,3.01E+11,10/1/2023,149.0,0.0,522.23,2023-10-01,149.0,Debit,2023,10,October,1,Sunday,39,2023-10,Regular Month
10/1/2023,Food,3.01E+11,10/1/2023,10.0,0.0,512.23,2023-10-01,10.0,Debit,2023,10,October,1,Sunday,39,2023-10,Regular Month
10/1/2023,Misc,3.38E+11,10/1/2023,0.0,1289.0,1801.23,2023-10-01,1289.0,Credit,2023,10,October,1,Sunday,39,2023-10,Regular Month
10/1/2023,Food,3.01E+11,10/1/2023,51.0,0.0,1750.23,2023-10-01,51.0,Debit,2023,10,October,1,Sunday,39,2023-10,Regular Month
10/1/2023,Misc,3.38E+11,10/1/2023,110.0,0.0,1640.23,2023-10-01,110.0,Debit,2023,10,October,1,Sunday,39,2023-10,Regular Month
10/1/2023,Food,3.38E+11,10/1/2023,40.0,0.0,1600.23,2023-10-01,40.0,Debit,2023,10,October,1,Sunday,39,2023-10,Regular Month
10/1/2023,Food,3.01E+11,10/1/2023,20.0,0.0,1580.23,2023-10-01,20.0,Debit,2023,10,October,1,Sunday,39,2023-10,Regular Month
10/1/2023,Food,3.38E+11,10/1/2023,131.5,0.0,1448.73,2023-10-01,131.5,Debit,2023,10,October,1,Sunday,39,2023-10,Regular Month
10/1/2023,Food,3.38E+11,11/1/2023,27.0,0.0,1421.73,2023-10-01,27.0,Debit,2023,10,October,1,Sunday,39,2023-10,Regular Month
11/1/2023,Food,3.01E+11,11/1/2023,50.0,0.0,1371.73,2023-11-01,50.0,Debit,2023,11,November,1,Wednesday,44,2023-11,Regular Month
11/1/2023,Food,3.38E+11,11/1/2023,33.0,0.0,1338.73,2023-11-01,33.0,Debit,2023,11,November,1,Wednesday,44,2023-11,Regular Month
11/1/2023,Misc,3.38E+11,11/1/2023,0.0,33.0,1371.73,2023-11-01,33.0,Credit,2023,11,November,1,Wednesday,44,2023-11,Regular Month
11/1/2023,Food,3.01E+11,11/1/2023,33.0,0.0,1338.73,2023-11-01,33.0,Debit,2023,11,November,1,Wednesday,44,2023-11,Regular Month
11/1/2023,Misc,3.01E+11,11/1/2023,0.0,33.0,1371.73,2023-11-01,33.0,Credit,2023,11,November,1,Wednesday,44,2023-11,Regular Month
11/1/2023,Food,3.01E+11,11/1/2023,33.0,0.0,1338.73,2023-11-01,33.0,Debit,2023,11,November,1,Wednesday,44,2023-11,Regular Month
11/1/2023,Food,3.38E+11,11/1/2023,60.0,0.0,1278.73,2023-11-01,60.0,Debit,2023,11,November,1,Wednesday,44,2023-11,Regular Month
11/1/2023,Food,3.38E+11,11/1/2023,30.0,0.0,1248.73,2023-11-01,30.0,Debit,2023,11,November,1,Wednesday,44,2023-11,Regular Month
11/1/2023,Misc,3.38E+11,11/1/2023,305.0,0.0,943.73,2023-11-01,305.0,Debit,2023,11,November,1,Wednesday,44,2023-11,Regular Month
11/1/2023,Food,3.38E+11,11/1/2023,50.0,0.0,893.73,2023-11-01,50.0,Debit,2023,11,November,1,Wednesday,44,2023-11,Regular Month
11/1/2023,Food,3.01E+11,11/1/2023,20.0,0.0,873.73,2023-11-01,20.0,Debit,2023,11,November,1,Wednesday,44,2023-11,Regular Month
12/1/2023,Food,3.38E+11,12/1/2023,57.0,0.0,816.73,2023-12-01,57.0,Debit,2023,12,December,1,Friday,48,2023-12,Regular Month
12/1/2023,Food,3.01E+11,12/1/2023,33.0,0.0,783.73,2023-12-01,33.0,Debit,2023,12,December,1,Friday,48,2023-12,Regular Month
12/1/2023,Food,3.38E+11,12/1/2023,10.0,0.0,773.73,2023-12-01,10.0,Debit,2023,12,December,1,Friday,48,2023-12,Regular Month
12/1/2023,Food,3.01E+11,12/1/2023,35.0,0.0,738.73,2023-12-01,35.0,Debit,2023,12,December,1,Friday,48,2023-12,Regular Month
12/1/2023,Food,3.01E+11,12/1/2023,60.0,0.0,678.73,2023-12-01,60.0,Debit,2023,12,December,1,Friday,48,2023-12,Regular Month
12/1/2023,Food,3.38E+11,12/1/2023,30.0,0.0,648.73,2023-12-01,30.0,Debit,2023,12,December,1,Friday,48,2023-12,Regular Month
12/1/2023,Food,3.01E+11,12/1/2023,20.0,0.0,628.73,2023-12-01,20.0,Debit,2023,12,December,1,Friday,48,2023-12,Regular Month
1/2/2023,Food,3.03E+11,1/2/2023,30.0,0.0,11626.97,2023-01-02,30.0,Debit,2023,1,January,2,Monday,1,2023-01,Regular Month
1/2/2023,Food,3.40E+11,1/2/2023,20.0,0.0,11606.97,2023-01-02,20.0,Debit,2023,1,January,2,Monday,1,2023-01,Regular Month
1/2/2023,Food,3.03E+11,1/2/2023,80.0,0.0,11526.97,2023-01-02,80.0,Debit,2023,1,January,2,Monday,1,2023-01,Regular Month
2/2/2023,Rent,3.03E+11,2/2/2023,5776.0,0.0,5750.97,2023-02-02,5776.0,Debit,2023,2,February,2,Thursday,5,2023-02,Regular Month
2/2/2023,Food,3.40E+11,2/2/2023,20.0,0.0,5730.97,2023-02-02,20.0,Debit,2023,2,February,2,Thursday,5,2023-02,Regular Month
2/2/2023,Food,3.03E+11,2/2/2023,144.87,0.0,5586.1,2023-02-02,144.87,Debit,2023,2,February,2,Thursday,5,2023-02,Regular Month
2/2/2023,Food,3.40E+11,2/2/2023,40.0,0.0,5546.1,2023-02-02,40.0,Debit,2023,2,February,2,Thursday,5,2023-02,Regular Month
2/2/2023,Food,3.40E+11,2/2/2023,30.0,0.0,5516.1,2023-02-02,30.0,Debit,2023,2,February,2,Thursday,5,2023-02,Regular Month
2/2/2023,Misc,3.40E+11,2/2/2023,170.0,0.0,5346.1,2023-02-02,170.0,Debit,2023,2,February,2,Thursday,5,2023-02,Regular Month
3/2/2023,Food,3.03E+11,3/2/2023,28.0,0.0,5318.1,2023-03-02,28.0,Debit,2023,3,March,2,Thursday,9,2023-03,Regular Month
3/2/2023,Food,3.40E+11,3/2/2023,50.0,0.0,5268.1,2023-03-02,50.0,Debit,2023,3,March,2,Thursday,9,2023-03,Regular Month
3/2/2023,Misc,3.03E+11,3/2/2023,500.0,0.0,4768.1,2023-03-02,500.0,Debit,2023,3,March,2,Thursday,9,2023-03,Regular Month
3/2/2023,Misc,3.03E+11,3/2/2023,0.0,500.0,5268.1,2023-03-02,500.0,Credit,2023,3,March,2,Thursday,9,2023-03,Regular Month
3/2/2023,Food,3.40E+11,3/2/2023,17.0,0.0,5251.1,2023-03-02,17.0,Debit,2023,3,March,2,Thursday,9,2023-03,Regular Month
3/2/2023,Misc,3.40E+11,3/2/2023,190.0,0.0,5061.1,2023-03-02,190.0,Debit,2023,3,March,2,Thursday,9,2023-03,Regular Month
3/2/2023,Food,3.40E+11,3/2/2023,40.0,0.0,5021.1,2023-03-02,40.0,Debit,2023,3,March,2,Thursday,9,2023-03,Regular Month
4/2/2023,Misc,3.04E+11,4/2/2023,200.0,0.0,4821.1,2023-04-02,200.0,Debit,2023,4,April,2,Sunday,13,2023-04,Regular Month
4/2/2023,Food,3.40E+11,4/2/2023,30.0,0.0,4791.1,2023-04-02,30.0,Debit,2023,4,April,2,Sunday,13,2023-04,Regular Month
4/2/2023,Food,3.04E+11,4/2/2023,40.0,0.0,4751.1,2023-04-02,40.0,Debit,2023,4,April,2,Sunday,13,2023-04,Regular Month
4/2/2023,Misc,3.40E+11,4/2/2023,0.0,152.0,4903.1,2023-04-02,152.0,Credit,2023,4,April,2,Sunday,13,2023-04,Regular Month
4/2/2023,Misc,3.40E+11,4/2/2023,140.0,0.0,4763.1,2023-04-02,140.0,Debit,2023,4,April,2,Sunday,13,2023-04,Regular Month
4/2/2023,Food,3.40E+11,4/2/2023,30.0,0.0,4733.1,2023-04-02,30.0,Debit,2023,4,April,2,Sunday,13,2023-04,Regular Month
4/2/2023,Food,3.40E+11,4/2/2023,40.0,0.0,4693.1,2023-04-02,40.0,Debit,2023,4,April,2,Sunday,13,2023-04,Regular Month
5/2/2023,Food,3.40E+11,5/2/2023,40.0,0.0,4653.1,2023-05-02,40.0,Debit,2023,5,May,2,Tuesday,18,2023-05,Regular Month
5/2/2023,Misc,3.40E+11,5/2/2023,180.0,0.0,4473.1,2023-05-02,180.0,Debit,2023,5,May,2,Tuesday,18,2023-05,Regular Month
6/2/2023,Food,3.40E+11,6/2/2023,80.0,0.0,4393.1,2023-06-02,80.0,Debit,2023,6,June,2,Friday,22,2023-06,Regular Month
6/2/2023,Food,3.40E+11,6/2/2023,100.0,0.0,4293.1,2023-06-02,100.0,Debit,2023,6,June,2,Friday,22,2023-06,Regular Month
6/2/2023,Food,3.04E+11,6/2/2023,20.0,0.0,4273.1,2023-06-02,20.0,Debit,2023,6,June,2,Friday,22,2023-06,Regular Month
6/2/2023,Misc,3.04E+11,6/2/2023,700.0,0.0,3573.1,2023-06-02,700.0,Debit,2023,6,June,2,Friday,22,2023-06,Regular Month
6/2/2023,Food,3.40E+11,6/2/2023,20.0,0.0,3553.1,2023-06-02,20.0,Debit,2023,6,June,2,Friday,22,2023-06,Regular Month
7/2/2023,Food,3.40E+11,7/2/2023,65.0,0.0,3488.1,2023-07-02,65.0,Debit,2023,7,July,2,Sunday,26,2023-07,Regular Month
7/2/2023,Food,3.04E+11,7/2/2023,36.0,0.0,3452.1,2023-07-02,36.0,Debit,2023,7,July,2,Sunday,26,2023-07,Regular Month
7/2/2023,Food,3.40E+11,7/2/2023,40.0,0.0,3412.1,2023-07-02,40.0,Debit,2023,7,July,2,Sunday,26,2023-07,Regular Month
7/2/2023,Food,3.40E+11,7/2/2023,10.0,0.0,3402.1,2023-07-02,10.0,Debit,2023,7,July,2,Sunday,26,2023-07,Regular Month
8/2/2023,Food,3.41E+11,8/2/2023,150.28,0.0,3251.82,2023-08-02,150.28,Debit,2023,8,August,2,Wednesday,31,2023-08,Regular Month
8/2/2023,Food,3.04E+11,8/2/2023,20.0,0.0,3231.82,2023-08-02,20.0,Debit,2023,8,August,2,Wednesday,31,2023-08,Regular Month
8/2/2023,Misc,3.04E+11,8/2/2023,500.0,0.0,2731.82,2023-08-02,500.0,Debit,2023,8,August,2,Wednesday,31,2023-08,Regular Month
8/2/2023,Food,3.41E+11,8/2/2023,30.0,0.0,2701.82,2023-08-02,30.0,Debit,2023,8,August,2,Wednesday,31,2023-08,Regular Month
9/2/2023,Food,3.04E+11,9/2/2023,33.0,0.0,2668.82,2023-09-02,33.0,Debit,2023,9,September,2,Saturday,35,2023-09,Regular Month
9/2/2023,Food,3.41E+11,9/2/2023,30.0,0.0,2638.82,2023-09-02,30.0,Debit,2023,9,September,2,Saturday,35,2023-09,Regular Month
9/2/2023,Shopping,3.04E+11,9/2/2023,474.0,0.0,2164.82,2023-09-02,474.0,Debit,2023,9,September,2,Saturday,35,2023-09,Regular Month
9/2/2023,Food,3.41E+11,9/2/2023,32.0,0.0,2132.82,2023-09-02,32.0,Debit,2023,9,September,2,Saturday,35,2023-09,Regular Month
9/2/2023,Food,3.41E+11,9/2/2023,20.0,0.0,2112.82,2023-09-02,20.0,Debit,2023,9,September,2,Saturday,35,2023-09,Regular Month
10/2/2023,Food,3.04E+11,10/2/2023,40.0,0.0,2072.82,2023-10-02,40.0,Debit,2023,10,October,2,Monday,40,2023-10,Regular Month
10/2/2023,Food,3.41E+11,10/2/2023,54.0,0.0,2018.82,2023-10-02,54.0,Debit,2023,10,October,2,Monday,40,2023-10,Regular Month
10/2/2023,Food,3.41E+11,10/2/2023,51.0,0.0,1967.82,2023-10-02,51.0,Debit,2023,10,October,2,Monday,40,2023-10,Regular Month
10/2/2023,Food,3.04E+11,10/2/2023,60.0,0.0,1907.82,2023-10-02,60.0,Debit,2023,10,October,2,Monday,40,2023-10,Regular Month
10/2/2023,Food,3.04E+11,10/2/2023,39.0,0.0,1868.82,2023-10-02,39.0,Debit,2023,10,October,2,Monday,40,2023-10,Regular Month
10/2/2023,Food,3.41E+11,10/2/2023,30.0,0.0,1838.82,2023-10-02,30.0,Debit,2023,10,October,2,Monday,40,2023-10,Regular Month
10/2/2023,Food,3.41E+11,10/2/2023,52.0,0.0,1786.82,2023-10-02,52.0,Debit,2023,10,October,2,Monday,40,2023-10,Regular Month
11/2/2023,Shopping,3.04E+11,11/2/2023,0.0,249.0,2035.82,2023-11-02,249.0,Credit,2023,11,November,2,Thursday,44,2023-11,Regular Month
11/2/2023,Shopping,3.04E+11,11/2/2023,0.0,225.0,2260.82,2023-11-02,225.0,Credit,2023,11,November,2,Thursday,44,2023-11,Regular Month
11/2/2023,Shopping,3.04E+11,11/2/2023,261.0,0.0,1999.82,2023-11-02,261.0,Debit,2023,11,November,2,Thursday,44,2023-11,Regular Month
11/2/2023,Food,3.04E+11,11/2/2023,32.0,0.0,1967.82,2023-11-02,32.0,Debit,2023,11,November,2,Thursday,44,2023-11,Regular Month
11/2/2023,Food,3.04E+11,11/2/2023,150.28,0.0,1817.54,2023-11-02,150.28,Debit,2023,11,November,2,Thursday,44,2023-11,Regular Month
11/2/2023,Food,3.41E+11,11/2/2023,60.0,0.0,1757.54,2023-11-02,60.0,Debit,2023,11,November,2,Thursday,44,2023-11,Regular Month
11/2/2023,Misc,3.04E+11,11/2/2023,0.0,500.0,2257.54,2023-11-02,500.0,Credit,2023,11,November,2,Thursday,44,2023-11,Regular Month
12/2/2023,Misc,3.41E+11,12/2/2023,330.0,0.0,1927.54,2023-12-02,330.0,Debit,2023,12,December,2,Saturday,48,2023-12,Regular Month
12/2/2023,Food,3.41E+11,12/2/2023,44.0,0.0,1883.54,2023-12-02,44.0,Debit,2023,12,December,2,Saturday,48,2023-12,Regular Month
12/2/2023,Food,3.41E+11,12/2/2023,100.0,0.0,1783.54,2023-12-02,100.0,Debit,2023,12,December,2,Saturday,48,2023-12,Regular Month
12/2/2023,Misc,3.04E+11,12/2/2023,500.0,0.0,1283.54,2023-12-02,500.0,Debit,2023,12,December,2,Saturday,48,2023-12,Regular Month
12/2/2023,Misc,3.04E+11,12/2/2023,117.0,0.0,1166.54,2023-12-02,117.0,Debit,2023,12,December,2,Saturday,48,2023-12,Regular Month
12/2/2023,Food,3.04E+11,12/2/2023,25.0,0.0,1141.54,2023-12-02,25.0,Debit,2023,12,December,2,Saturday,48,2023-12,Regular Month
12/2/2023,Food,3.04E+11,12/2/2023,30.0,0.0,1111.54,2023-12-02,30.0,Debit,2023,12,December,2,Saturday,48,2023-12,Regular Month
1/3/2023,Food,3.43E+11,1/3/2023,60.0,0.0,11836.89,2023-01-03,60.0,Debit,2023,1,January,3,Tuesday,1,2023-01,Regular Month
1/3/2023,Food,3.43E+11,1/3/2023,30.0,0.0,11806.89,2023-01-03,30.0,Debit,2023,1,January,3,Tuesday,1,2023-01,Regular Month
2/3/2023,Food,3.43E+11,2/3/2023,28.0,0.0,11778.89,2023-02-03,28.0,Debit,2023,2,February,3,Friday,5,2023-02,Regular Month
2/3/2023,Misc,3.43E+11,2/3/2023,110.0,0.0,11668.89,2023-02-03,110.0,Debit,2023,2,February,3,Friday,5,2023-02,Regular Month
2/3/2023,Food,3.43E+11,2/3/2023,50.0,0.0,11618.89,2023-02-03,50.0,Debit,2023,2,February,3,Friday,5,2023-02,Regular Month
2/3/2023,Misc,3.43E+11,2/3/2023,500.0,0.0,11118.89,2023-02-03,500.0,Debit,2023,2,February,3,Friday,5,2023-02,Regular Month
2/3/2023,Food,3.43E+11,2/3/2023,30.0,0.0,11088.89,2023-02-03,30.0,Debit,2023,2,February,3,Friday,5,2023-02,Regular Month
3/3/2023,Food,3.43E+11,3/3/2023,33.0,0.0,11055.89,2023-03-03,33.0,Debit,2023,3,March,3,Friday,9,2023-03,Regular Month
3/3/2023,Misc,3.43E+11,3/3/2023,240.0,0.0,10815.89,2023-03-03,240.0,Debit,2023,3,March,3,Friday,9,2023-03,Regular Month
3/3/2023,Food,3.43E+11,3/3/2023,60.0,0.0,10755.89,2023-03-03,60.0,Debit,2023,3,March,3,Friday,9,2023-03,Regular Month
3/3/2023,Rent,3.06E+11,3/3/2023,6490.0,0.0,4265.89,2023-03-03,6490.0,Debit,2023,3,March,3,Friday,9,2023-03,Regular Month
3/3/2023,Food,3.06E+11,3/3/2023,35.0,0.0,4230.89,2023-03-03,35.0,Debit,2023,3,March,3,Friday,9,2023-03,Regular Month
4/3/2023,Misc,3.06E+11,4/3/2023,105.0,0.0,4125.89,2023-04-03,105.0,Debit,2023,4,April,3,Monday,14,2023-04,Regular Month
4/3/2023,Food,3.06E+11,4/3/2023,10.0,0.0,4115.89,2023-04-03,10.0,Debit,2023,4,April,3,Monday,14,2023-04,Regular Month
4/3/2023,Food,3.43E+11,4/3/2023,30.0,0.0,4085.89,2023-04-03,30.0,Debit,2023,4,April,3,Monday,14,2023-04,Regular Month
4/3/2023,Food,3.43E+11,4/3/2023,25.0,0.0,4060.89,2023-04-03,25.0,Debit,2023,4,April,3,Monday,14,2023-04,Regular Month
4/3/2023,Misc,3.06E+11,4/3/2023,200.0,0.0,3860.89,2023-04-03,200.0,Debit,2023,4,April,3,Monday,14,2023-04,Regular Month
4/3/2023,Misc,3.43E+11,4/3/2023,420.0,0.0,3440.89,2023-04-03,420.0,Debit,2023,4,April,3,Monday,14,2023-04,Regular Month
4/3/2023,Food,3.43E+11,4/3/2023,40.0,0.0,3400.89,2023-04-03,40.0,Debit,2023,4,April,3,Monday,14,2023-04,Regular Month
5/3/2023,Food,3.06E+11,5/3/2023,30.0,0.0,3370.89,2023-05-03,30.0,Debit,2023,5,May,3,Wednesday,18,2023-05,Regular Month
5/3/2023,Food,3.43E+11,5/3/2023,100.0,0.0,3270.89,2023-05-03,100.0,Debit,2023,5,May,3,Wednesday,18,2023-05,Regular Month
5/3/2023,Misc,3.06E+11,5/3/2023,300.0,0.0,2970.89,2023-05-03,300.0,Debit,2023,5,May,3,Wednesday,18,2023-05,Regular Month
5/3/2023,Food,3.06E+11,5/3/2023,40.0,0.0,2930.89,2023-05-03,40.0,Debit,2023,5,May,3,Wednesday,18,2023-05,Regular Month
5/3/2023,Misc,3.06E+11,5/3/2023,500.0,0.0,2430.89,2023-05-03,500.0,Debit,2023,5,May,3,Wednesday,18,2023-05,Regular Month
5/3/2023,Food,3.06E+11,5/3/2023,20.0,0.0,2410.89,2023-05-03,20.0,Debit,2023,5,May,3,Wednesday,18,2023-05,Regular Month
6/3/2023,Misc,3.43E+11,6/3/2023,0.0,131.0,2541.89,2023-06-03,131.0,Credit,2023,6,June,3,Saturday,22,2023-06,Regular Month
6/3/2023,Food,3.43E+11,6/3/2023,50.0,0.0,2491.89,2023-06-03,50.0,Debit,2023,6,June,3,Saturday,22,2023-06,Regular Month
6/3/2023,Food,3.07E+11,6/3/2023,37.0,0.0,2454.89,2023-06-03,37.0,Debit,2023,6,June,3,Saturday,22,2023-06,Regular Month
6/3/2023,Food,3.43E+11,6/3/2023,40.0,0.0,2414.89,2023-06-03,40.0,Debit,2023,6,June,3,Saturday,22,2023-06,Regular Month
7/3/2023,Food,3.43E+11,7/3/2023,72.0,0.0,2342.89,2023-07-03,72.0,Debit,2023,7,July,3,Monday,27,2023-07,Regular Month
7/3/2023,Food,3.43E+11,7/3/2023,50.0,0.0,2292.89,2023-07-03,50.0,Debit,2023,7,July,3,Monday,27,2023-07,Regular Month
7/3/2023,Food,3.07E+11,7/3/2023,25.0,0.0,2267.89,2023-07-03,25.0,Debit,2023,7,July,3,Monday,27,2023-07,Regular Month
7/3/2023,Food,3.43E+11,7/3/2023,35.0,0.0,2232.89,2023-07-03,35.0,Debit,2023,7,July,3,Monday,27,2023-07,Regular Month
8/3/2023,Misc,3.07E+11,8/3/2023,7.0,0.0,2225.89,2023-08-03,7.0,Debit,2023,8,August,3,Thursday,31,2023-08,Regular Month
8/3/2023,Food,3.07E+11,8/3/2023,30.0,0.0,2195.89,2023-08-03,30.0,Debit,2023,8,August,3,Thursday,31,2023-08,Regular Month
8/3/2023,Food,3.07E+11,8/3/2023,75.0,0.0,2120.89,2023-08-03,75.0,Debit,2023,8,August,3,Thursday,31,2023-08,Regular Month
8/3/2023,Misc,3.07E+11,8/3/2023,150.5,0.0,1970.39,2023-08-03,150.5,Debit,2023,8,August,3,Thursday,31,2023-08,Regular Month
8/3/2023,Food,3.07E+11,8/3/2023,40.0,0.0,1930.39,2023-08-03,40.0,Debit,2023,8,August,3,Thursday,31,2023-08,Regular Month
9/3/2023,Food,3.07E+11,9/3/2023,99.0,0.0,1831.39,2023-09-03,99.0,Debit,2023,9,September,3,Sunday,35,2023-09,Regular Month
9/3/2023,Food,3.07E+11,9/3/2023,34.0,0.0,1797.39,2023-09-03,34.0,Debit,2023,9,September,3,Sunday,35,2023-09,Regular Month
9/3/2023,Misc,3.43E+11,9/3/2023,205.0,0.0,1592.39,2023-09-03,205.0,Debit,2023,9,September,3,Sunday,35,2023-09,Regular Month
9/3/2023,Food,3.43E+11,9/3/2023,60.0,0.0,1532.39,2023-09-03,60.0,Debit,2023,9,September,3,Sunday,35,2023-09,Regular Month
9/3/2023,Food,3.07E+11,9/3/2023,79.0,0.0,1453.39,2023-09-03,79.0,Debit,2023,9,September,3,Sunday,35,2023-09,Regular Month
9/3/2023,Food,3.43E+11,9/3/2023,160.87,0.0,1292.52,2023-09-03,160.87,Debit,2023,9,September,3,Sunday,35,2023-09,Regular Month
10/3/2023,Food,3.07E+11,10/3/2023,50.0,0.0,1242.52,2023-10-03,50.0,Debit,2023,10,October,3,Tuesday,40,2023-10,Regular Month
10/3/2023,Food,3.44E+11,10/3/2023,50.0,0.0,1192.52,2023-10-03,50.0,Debit,2023,10,October,3,Tuesday,40,2023-10,Regular Month
10/3/2023,Food,3.07E+11,10/3/2023,214.96,0.0,977.56,2023-10-03,214.96,Debit,2023,10,October,3,Tuesday,40,2023-10,Regular Month
10/3/2023,Misc,3.07E+11,10/3/2023,0.0,300.0,1277.56,2023-10-03,300.0,Credit,2023,10,October,3,Tuesday,40,2023-10,Regular Month
10/3/2023,Food,3.07E+11,10/3/2023,70.0,0.0,1207.56,2023-10-03,70.0,Debit,2023,10,October,3,Tuesday,40,2023-10,Regular Month
11/3/2023,Food,3.07E+11,11/3/2023,62.0,0.0,1145.56,2023-11-03,62.0,Debit,2023,11,November,3,Friday,44,2023-11,Regular Month
11/3/2023,Misc,3.44E+11,11/3/2023,0.0,210.0,1355.56,2023-11-03,210.0,Credit,2023,11,November,3,Friday,44,2023-11,Regular Month
11/3/2023,Misc,3.07E+11,11/3/2023,500.0,0.0,855.56,2023-11-03,500.0,Debit,2023,11,November,3,Friday,44,2023-11,Regular Month
11/3/2023,Food,3.44E+11,11/3/2023,60.0,0.0,795.56,2023-11-03,60.0,Debit,2023,11,November,3,Friday,44,2023-11,Regular Month
11/3/2023,Food,3.44E+11,11/3/2023,25.3,0.0,770.26,2023-11-03,25.3,Debit,2023,11,November,3,Friday,44,2023-11,Regular Month
12/3/2023,Misc,3.07E+11,12/3/2023,300.0,0.0,470.26,2023-12-03,300.0,Debit,2023,12,December,3,Sunday,48,2023-12,Regular Month
12/3/2023,Food,3.07E+11,12/3/2023,30.0,0.0,440.26,2023-12-03,30.0,Debit,2023,12,December,3,Sunday,48,2023-12,Regular Month
12/3/2023,Food,3.07E+11,12/3/2023,40.0,0.0,400.26,2023-12-03,40.0,Debit,2023,12,December,3,Sunday,48,2023-12,Regular Month
12/3/2023,Food,3.44E+11,12/3/2023,54.0,0.0,346.26,2023-12-03,54.0,Debit,2023,12,December,3,Sunday,48,2023-12,Regular Month
12/3/2023,Food,3.44E+11,12/3/2023,40.0,0.0,306.26,2023-12-03,40.0,Debit,2023,12,December,3,Sunday,48,2023-12,Regular Month
1/4/2023,Rent,3.09E+11,1/4/2023,6356.0,0.0,6696.94,2023-01-04,6356.0,Debit,2023,1,January,4,Wednesday,1,2023-01,Regular Month
1/4/2023,Misc,0,31/03/23,0.0,32.0,6728.94,2023-01-04,32.0,Credit,2023,1,January,4,Wednesday,1,2023-01,Regular Month
1/4/2023,Food,3.09E+11,1/4/2023,42.0,0.0,6686.94,2023-01-04,42.0,Debit,2023,1,January,4,Wednesday,1,2023-01,Regular Month
1/4/2023,Food,3.09E+11,1/4/2023,267.15,0.0,6419.79,2023-01-04,267.15,Debit,2023,1,January,4,Wednesday,1,2023-01,Regular Month
1/4/2023,Misc,3.09E+11,1/4/2023,550.0,0.0,5869.79,2023-01-04,550.0,Debit,2023,1,January,4,Wednesday,1,2023-01,Regular Month
1/4/2023,Food,3.46E+11,1/4/2023,42.0,0.0,5827.79,2023-01-04,42.0,Debit,2023,1,January,4,Wednesday,1,2023-01,Regular Month
2/4/2023,Food,3.46E+11,2/4/2023,32.0,0.0,5795.79,2023-02-04,32.0,Debit,2023,2,February,4,Saturday,5,2023-02,Regular Month
2/4/2023,Misc,3.09E+11,2/4/2023,150.0,0.0,5645.79,2023-02-04,150.0,Debit,2023,2,February,4,Saturday,5,2023-02,Regular Month
2/4/2023,Misc,3.46E+11,2/4/2023,1200.0,0.0,4445.79,2023-02-04,1200.0,Debit,2023,2,February,4,Saturday,5,2023-02,Regular Month
3/4/2023,Misc,3.46E+11,3/4/2023,0.0,1200.0,5645.79,2023-03-04,1200.0,Credit,2023,3,March,4,Saturday,9,2023-03,Regular Month
3/4/2023,Food,3.46E+11,3/4/2023,82.0,0.0,5563.79,2023-03-04,82.0,Debit,2023,3,March,4,Saturday,9,2023-03,Regular Month
3/4/2023,Food,3.09E+11,3/4/2023,85.0,0.0,5478.79,2023-03-04,85.0,Debit,2023,3,March,4,Saturday,9,2023-03,Regular Month
3/4/2023,Misc,3.09E+11,3/4/2023,295.0,0.0,5183.79,2023-03-04,295.0,Debit,2023,3,March,4,Saturday,9,2023-03,Regular Month
3/4/2023,Food,3.09E+11,3/4/2023,20.0,0.0,5163.79,2023-03-04,20.0,Debit,2023,3,March,4,Saturday,9,2023-03,Regular Month
3/4/2023,Food,3.46E+11,3/4/2023,10.0,0.0,5153.79,2023-03-04,10.0,Debit,2023,3,March,4,Saturday,9,2023-03,Regular Month
4/4/2023,Misc,3.46E+11,4/4/2023,150.0,0.0,5003.79,2023-04-04,150.0,Debit,2023,4,April,4,Tuesday,14,2023-04,Regular Month
4/4/2023,Food,3.46E+11,4/4/2023,52.0,0.0,4951.79,2023-04-04,52.0,Debit,2023,4,April,4,Tuesday,14,2023-04,Regular Month
4/4/2023,Misc,3.09E+11,4/4/2023,1000.0,0.0,3951.79,2023-04-04,1000.0,Debit,2023,4,April,4,Tuesday,14,2023-04,Regular Month
4/4/2023,Misc,3.46E+11,4/4/2023,144.0,0.0,3807.79,2023-04-04,144.0,Debit,2023,4,April,4,Tuesday,14,2023-04,Regular Month
4/4/2023,Food,3.09E+11,4/4/2023,65.0,0.0,3742.79,2023-04-04,65.0,Debit,2023,4,April,4,Tuesday,14,2023-04,Regular Month
4/4/2023,Shopping,3.46E+11,4/4/2023,54.0,0.0,3688.79,2023-04-04,54.0,Debit,2023,4,April,4,Tuesday,14,2023-04,Regular Month
5/4/2023,Shopping,3.10E+11,5/4/2023,0.0,54.0,3742.79,2023-05-04,54.0,Credit,2023,5,May,4,Thursday,18,2023-05,Regular Month
5/4/2023,Misc,3.10E+11,5/4/2023,2000.0,0.0,1742.79,2023-05-04,2000.0,Debit,2023,5,May,4,Thursday,18,2023-05,Regular Month
5/4/2023,Food,3.10E+11,5/4/2023,42.0,0.0,1700.79,2023-05-04,42.0,Debit,2023,5,May,4,Thursday,18,2023-05,Regular Month
5/4/2023,Misc,3.10E+11,5/4/2023,300.0,0.0,1400.79,2023-05-04,300.0,Debit,2023,5,May,4,Thursday,18,2023-05,Regular Month
5/4/2023,Food,3.10E+11,5/4/2023,90.0,0.0,1310.79,2023-05-04,90.0,Debit,2023,5,May,4,Thursday,18,2023-05,Regular Month
6/4/2023,Food,3.10E+11,6/4/2023,30.0,0.0,1280.79,2023-06-04,30.0,Debit,2023,6,June,4,Sunday,22,2023-06,Regular Month
6/4/2023,Food,3.10E+11,6/4/2023,20.0,0.0,1260.79,2023-06-04,20.0,Debit,2023,6,June,4,Sunday,22,2023-06,Regular Month
6/4/2023,Misc,3.46E+11,6/4/2023,250.0,0.0,1010.79,2023-06-04,250.0,Debit,2023,6,June,4,Sunday,22,2023-06,Regular Month
6/4/2023,Misc,3.10E+11,6/4/2023,120.0,0.0,890.79,2023-06-04,120.0,Debit,2023,6,June,4,Sunday,22,2023-06,Regular Month
6/4/2023,Food,3.10E+11,6/4/2023,20.0,0.0,870.79,2023-06-04,20.0,Debit,2023,6,June,4,Sunday,22,2023-06,Regular Month
7/4/2023,Food,3.10E+11,7/4/2023,55.0,0.0,815.79,2023-07-04,55.0,Debit,2023,7,July,4,Tuesday,27,2023-07,Regular Month
7/4/2023,Food,3.10E+11,7/4/2023,10.0,0.0,805.79,2023-07-04,10.0,Debit,2023,7,July,4,Tuesday,27,2023-07,Regular Month
7/4/2023,Food,3.10E+11,7/4/2023,50.0,0.0,755.79,2023-07-04,50.0,Debit,2023,7,July,4,Tuesday,27,2023-07,Regular Month
7/4/2023,Food,3.46E+11,7/4/2023,32.0,0.0,723.79,2023-07-04,32.0,Debit,2023,7,July,4,Tuesday,27,2023-07,Regular Month
7/4/2023,Food,3.10E+11,7/4/2023,65.0,0.0,658.79,2023-07-04,65.0,Debit,2023,7,July,4,Tuesday,27,2023-07,Regular Month
7/4/2023,Food,3.10E+11,7/4/2023,20.0,0.0,638.79,2023-07-04,20.0,Debit,2023,7,July,4,Tuesday,27,2023-07,Regular Month
7/4/2023,Misc,3.46E+11,7/4/2023,220.0,0.0,418.79,2023-07-04,220.0,Debit,2023,7,July,4,Tuesday,27,2023-07,Regular Month
7/4/2023,Food,3.46E+11,7/4/2023,51.0,0.0,367.79,2023-07-04,51.0,Debit,2023,7,July,4,Tuesday,27,2023-07,Regular Month
8/4/2023,Food,3.46E+11,8/4/2023,50.0,0.0,317.79,2023-08-04,50.0,Debit,2023,8,August,4,Friday,31,2023-08,Regular Month
8/4/2023,Misc,3.10E+11,8/4/2023,0.0,1000.0,1317.79,2023-08-04,1000.0,Credit,2023,8,August,4,Friday,31,2023-08,Regular Month
8/4/2023,Food,3.46E+11,8/4/2023,70.0,0.0,1247.79,2023-08-04,70.0,Debit,2023,8,August,4,Friday,31,2023-08,Regular Month
8/4/2023,Food,3.10E+11,8/4/2023,208.28,0.0,1039.51,2023-08-04,208.28,Debit,2023,8,August,4,Friday,31,2023-08,Regular Month
9/4/2023,Misc,3.47E+11,9/4/2023,310.0,0.0,729.51,2023-09-04,310.0,Debit,2023,9,September,4,Monday,36,2023-09,Regular Month
9/4/2023,Food,3.47E+11,9/4/2023,76.0,0.0,653.51,2023-09-04,76.0,Debit,2023,9,September,4,Monday,36,2023-09,Regular Month
9/4/2023,Food,3.47E+11,9/4/2023,100.0,0.0,553.51,2023-09-04,100.0,Debit,2023,9,September,4,Monday,36,2023-09,Regular Month
9/4/2023,Food,3.47E+11,9/4/2023,20.0,0.0,533.51,2023-09-04,20.0,Debit,2023,9,September,4,Monday,36,2023-09,Regular Month
10/4/2023,Misc,3.47E+11,10/4/2023,138.0,0.0,395.51,2023-10-04,138.0,Debit,2023,10,October,4,Wednesday,40,2023-10,Regular Month
10/4/2023,Misc,3.10E+11,10/4/2023,0.0,4000.0,4395.51,2023-10-04,4000.0,Credit,2023,10,October,4,Wednesday,40,2023-10,Regular Month
10/4/2023,Misc,3.10E+11,10/4/2023,3000.0,0.0,1395.51,2023-10-04,3000.0,Debit,2023,10,October,4,Wednesday,40,2023-10,Regular Month
10/4/2023,Misc,3.47E+11,10/4/2023,140.0,0.0,1255.51,2023-10-04,140.0,Debit,2023,10,October,4,Wednesday,40,2023-10,Regular Month
10/4/2023,Food,3.47E+11,10/4/2023,20.0,0.0,1235.51,2023-10-04,20.0,Debit,2023,10,October,4,Wednesday,40,2023-10,Regular Month
11/4/2023,Food,3.10E+11,11/4/2023,40.0,0.0,1195.51,2023-11-04,40.0,Debit,2023,11,November,4,Saturday,44,2023-11,Regular Month
11/4/2023,Food,3.47E+11,11/4/2023,65.0,0.0,1130.51,2023-11-04,65.0,Debit,2023,11,November,4,Saturday,44,2023-11,Regular Month
11/4/2023,Misc,3.47E+11,11/4/2023,140.0,0.0,990.51,2023-11-04,140.0,Debit,2023,11,November,4,Saturday,44,2023-11,Regular Month
12/4/2023,Food,3.47E+11,12/4/2023,20.0,0.0,970.51,2023-12-04,20.0,Debit,2023,12,December,4,Monday,49,2023-12,Regular Month
12/4/2023,Food,3.47E+11,12/4/2023,46.0,0.0,924.51,2023-12-04,46.0,Debit,2023,12,December,4,Monday,49,2023-12,Regular Month
12/4/2023,Misc,3.10E+11,12/4/2023,0.0,1000.0,1924.51,2023-12-04,1000.0,Credit,2023,12,December,4,Monday,49,2023-12,Regular Month
12/4/2023,Misc,3.10E+11,12/4/2023,0.0,300.0,2224.51,2023-12-04,300.0,Credit,2023,12,December,4,Monday,49,2023-12,Regular Month
12/4/2023,Misc,3.47E+11,12/4/2023,185.0,0.0,2039.51,2023-12-04,185.0,Debit,2023,12,December,4,Monday,49,2023-12,Regular Month
12/4/2023,Food,3.47E+11,12/4/2023,80.0,0.0,1959.51,2023-12-04,80.0,Debit,2023,12,December,4,Monday,49,2023-12,Regular Month
30/04/23,Misc,3.49E+11,1/5/2023,152.0,0.0,12478.52,2023-01-05,152.0,Debit,2023,1,January,5,Thursday,1,2023-01,Regular Month
30/04/23,Food,3.49E+11,1/5/2023,50.0,0.0,12428.52,2023-01-05,50.0,Debit,2023,1,January,5,Thursday,1,2023-01,Regular Month
1/5/2023,Rent,3.12E+11,1/5/2023,6463.0,0.0,5965.52,2023-01-05,6463.0,Debit,2023,1,January,5,Thursday,1,2023-01,Regular Month
1/5/2023,Food,3.12E+11,1/5/2023,65.0,0.0,5900.52,2023-01-05,65.0,Debit,2023,1,January,5,Thursday,1,2023-01,Regular Month
1/5/2023,Misc,3.12E+11,1/5/2023,0.0,350.0,6250.52,2023-01-05,350.0,Credit,2023,1,January,5,Thursday,1,2023-01,Regular Month
1/5/2023,Misc,3.12E+11,1/5/2023,240.0,0.0,6010.52,2023-01-05,240.0,Debit,2023,1,January,5,Thursday,1,2023-01,Regular Month
1/5/2023,Misc,3.12E+11,1/5/2023,0.0,120.0,6130.52,2023-01-05,120.0,Credit,2023,1,January,5,Thursday,1,2023-01,Regular Month
1/5/2023,Food,3.12E+11,1/5/2023,35.0,0.0,6095.52,2023-01-05,35.0,Debit,2023,1,January,5,Thursday,1,2023-01,Regular Month
1/5/2023,Food,3.49E+11,1/5/2023,30.0,0.0,6065.52,2023-01-05,30.0,Debit,2023,1,January,5,Thursday,1,2023-01,Regular Month
1/5/2023,Food,3.49E+11,1/5/2023,30.0,0.0,6035.52,2023-01-05,30.0,Debit,2023,1,January,5,Thursday,1,2023-01,Regular Month
1/5/2023,Food,3.49E+11,1/5/2023,80.0,0.0,5955.52,2023-01-05,80.0,Debit,2023,1,January,5,Thursday,1,2023-01,Regular Month
2/5/2023,Food,3.49E+11,2/5/2023,260.35,0.0,5695.17,2023-02-05,260.35,Debit,2023,2,February,5,Sunday,5,2023-02,Regular Month
2/5/2023,Food,3.49E+11,2/5/2023,50.0,0.0,5645.17,2023-02-05,50.0,Debit,2023,2,February,5,Sunday,5,2023-02,Regular Month
2/5/2023,Food,3.12E+11,2/5/2023,10.0,0.0,5635.17,2023-02-05,10.0,Debit,2023,2,February,5,Sunday,5,2023-02,Regular Month
2/5/2023,Misc,3.49E+11,2/5/2023,150.0,0.0,5485.17,2023-02-05,150.0,Debit,2023,2,February,5,Sunday,5,2023-02,Regular Month
2/5/2023,Misc,3.49E+11,2/5/2023,0.0,75.0,5560.17,2023-02-05,75.0,Credit,2023,2,February,5,Sunday,5,2023-02,Regular Month
2/5/2023,Food,3.49E+11,2/5/2023,45.0,0.0,5515.17,2023-02-05,45.0,Debit,2023,2,February,5,Sunday,5,2023-02,Regular Month
2/5/2023,Food,3.49E+11,2/5/2023,30.0,0.0,5485.17,2023-02-05,30.0,Debit,2023,2,February,5,Sunday,5,2023-02,Regular Month
2/5/2023,Misc,3.49E+11,3/5/2023,1391.16,0.0,4094.01,2023-02-05,1391.16,Debit,2023,2,February,5,Sunday,5,2023-02,Regular Month
3/5/2023,Food,3.49E+11,3/5/2023,69.0,0.0,4025.01,2023-03-05,69.0,Debit,2023,3,March,5,Sunday,9,2023-03,Regular Month
3/5/2023,Food,3.49E+11,3/5/2023,40.0,0.0,3985.01,2023-03-05,40.0,Debit,2023,3,March,5,Sunday,9,2023-03,Regular Month
3/5/2023,Food,3.49E+11,3/5/2023,85.0,0.0,3900.01,2023-03-05,85.0,Debit,2023,3,March,5,Sunday,9,2023-03,Regular Month
3/5/2023,Misc,3.49E+11,3/5/2023,180.0,0.0,3720.01,2023-03-05,180.0,Debit,2023,3,March,5,Sunday,9,2023-03,Regular Month
3/5/2023,Food,3.49E+11,3/5/2023,20.0,0.0,3700.01,2023-03-05,20.0,Debit,2023,3,March,5,Sunday,9,2023-03,Regular Month
4/5/2023,Food,3.49E+11,4/5/2023,26.0,0.0,3674.01,2023-04-05,26.0,Debit,2023,4,April,5,Wednesday,14,2023-04,Regular Month
4/5/2023,Food,3.12E+11,4/5/2023,10.0,0.0,3664.01,2023-04-05,10.0,Debit,2023,4,April,5,Wednesday,14,2023-04,Regular Month
4/5/2023,Food,3.49E+11,4/5/2023,30.0,0.0,3634.01,2023-04-05,30.0,Debit,2023,4,April,5,Wednesday,14,2023-04,Regular Month
4/5/2023,Food,3.12E+11,4/5/2023,10.0,0.0,3624.01,2023-04-05,10.0,Debit,2023,4,April,5,Wednesday,14,2023-04,Regular Month
4/5/2023,Food,3.12E+11,4/5/2023,396.9,0.0,3227.11,2023-04-05,396.9,Debit,2023,4,April,5,Wednesday,14,2023-04,Regular Month
4/5/2023,Food,3.49E+11,4/5/2023,20.0,0.0,3207.11,2023-04-05,20.0,Debit,2023,4,April,5,Wednesday,14,2023-04,Regular Month
4/5/2023,Food,3.12E+11,4/5/2023,64.0,0.0,3143.11,2023-04-05,64.0,Debit,2023,4,April,5,Wednesday,14,2023-04,Regular Month
5/5/2023,Misc,3.49E+11,5/5/2023,0.0,95.0,3238.11,2023-05-05,95.0,Credit,2023,5,May,5,Friday,18,2023-05,Regular Month
5/5/2023,Misc,3.49E+11,5/5/2023,175.0,0.0,3063.11,2023-05-05,175.0,Debit,2023,5,May,5,Friday,18,2023-05,Regular Month
5/5/2023,Food,3.49E+11,5/5/2023,40.0,0.0,3023.11,2023-05-05,40.0,Debit,2023,5,May,5,Friday,18,2023-05,Regular Month
5/5/2023,Food,3.13E+11,5/5/2023,76.0,0.0,2947.11,2023-05-05,76.0,Debit,2023,5,May,5,Friday,18,2023-05,Regular Month
5/5/2023,Food,3.13E+11,5/5/2023,100.0,0.0,2847.11,2023-05-05,100.0,Debit,2023,5,May,5,Friday,18,2023-05,Regular Month
5/5/2023,Misc,3.49E+11,5/5/2023,933.0,0.0,1914.11,2023-05-05,933.0,Debit,2023,5,May,5,Friday,18,2023-05,Regular Month
5/5/2023,Food,3.49E+11,5/5/2023,40.0,0.0,1874.11,2023-05-05,40.0,Debit,2023,5,May,5,Friday,18,2023-05,Regular Month
6/5/2023,Food,3.13E+11,6/5/2023,77.0,0.0,1797.11,2023-06-05,77.0,Debit,2023,6,June,5,Monday,23,2023-06,Regular Month
6/5/2023,Food,3.13E+11,6/5/2023,44.0,0.0,1753.11,2023-06-05,44.0,Debit,2023,6,June,5,Monday,23,2023-06,Regular Month
6/5/2023,Misc,3.13E+11,6/5/2023,150.0,0.0,1603.11,2023-06-05,150.0,Debit,2023,6,June,5,Monday,23,2023-06,Regular Month
6/5/2023,Food,3.13E+11,6/5/2023,40.0,0.0,1563.11,2023-06-05,40.0,Debit,2023,6,June,5,Monday,23,2023-06,Regular Month
6/5/2023,Misc,3.49E+11,6/5/2023,240.0,0.0,1323.11,2023-06-05,240.0,Debit,2023,6,June,5,Monday,23,2023-06,Regular Month
6/5/2023,Food,3.49E+11,6/5/2023,30.0,0.0,1293.11,2023-06-05,30.0,Debit,2023,6,June,5,Monday,23,2023-06,Regular Month
6/5/2023,Misc,3.49E+11,6/5/2023,113.0,0.0,1180.11,2023-06-05,113.0,Debit,2023,6,June,5,Monday,23,2023-06,Regular Month
7/5/2023,Food,3.49E+11,7/5/2023,48.0,0.0,1132.11,2023-07-05,48.0,Debit,2023,7,July,5,Wednesday,27,2023-07,Regular Month
7/5/2023,Misc,3.13E+11,7/5/2023,0.0,1132.0,2264.11,2023-07-05,1132.0,Credit,2023,7,July,5,Wednesday,27,2023-07,Regular Month
7/5/2023,Misc,3.49E+11,7/5/2023,0.0,136.0,2400.11,2023-07-05,136.0,Credit,2023,7,July,5,Wednesday,27,2023-07,Regular Month
7/5/2023,Misc,3.49E+11,7/5/2023,0.0,636.0,3036.11,2023-07-05,636.0,Credit,2023,7,July,5,Wednesday,27,2023-07,Regular Month
7/5/2023,Food,3.49E+11,7/5/2023,80.0,0.0,2956.11,2023-07-05,80.0,Debit,2023,7,July,5,Wednesday,27,2023-07,Regular Month
7/5/2023,Food,3.49E+11,7/5/2023,10.0,0.0,2946.11,2023-07-05,10.0,Debit,2023,7,July,5,Wednesday,27,2023-07,Regular Month
7/5/2023,Misc,3.49E+11,7/5/2023,0.0,936.0,3882.11,2023-07-05,936.0,Credit,2023,7,July,5,Wednesday,27,2023-07,Regular Month
7/5/2023,Food,3.49E+11,7/5/2023,52.0,0.0,3830.11,2023-07-05,52.0,Debit,2023,7,July,5,Wednesday,27,2023-07,Regular Month
7/5/2023,Food,3.49E+11,7/5/2023,20.0,0.0,3810.11,2023-07-05,20.0,Debit,2023,7,July,5,Wednesday,27,2023-07,Regular Month
7/5/2023,Misc,3.49E+11,7/5/2023,0.0,681.0,4491.11,2023-07-05,681.0,Credit,2023,7,July,5,Wednesday,27,2023-07,Regular Month
8/5/2023,Food,3.49E+11,8/5/2023,65.0,0.0,4426.11,2023-08-05,65.0,Debit,2023,8,August,5,Saturday,31,2023-08,Regular Month
8/5/2023,Food,3.49E+11,8/5/2023,40.0,0.0,4386.11,2023-08-05,40.0,Debit,2023,8,August,5,Saturday,31,2023-08,Regular Month
8/5/2023,Food,3.49E+11,8/5/2023,75.0,0.0,4311.11,2023-08-05,75.0,Debit,2023,8,August,5,Saturday,31,2023-08,Regular Month
9/5/2023,Food,3.13E+11,9/5/2023,40.0,0.0,4271.11,2023-09-05,40.0,Debit,2023,9,September,5,Tuesday,36,2023-09,Regular Month
9/5/2023,Food,3.13E+11,9/5/2023,90.0,0.0,4181.11,2023-09-05,90.0,Debit,2023,9,September,5,Tuesday,36,2023-09,Regular Month
9/5/2023,Food,3.13E+11,9/5/2023,10.0,0.0,4171.11,2023-09-05,10.0,Debit,2023,9,September,5,Tuesday,36,2023-09,Regular Month
9/5/2023,Food,3.50E+11,9/5/2023,247.75,0.0,3923.36,2023-09-05,247.75,Debit,2023,9,September,5,Tuesday,36,2023-09,Regular Month
9/5/2023,Food,3.50E+11,9/5/2023,100.0,0.0,3823.36,2023-09-05,100.0,Debit,2023,9,September,5,Tuesday,36,2023-09,Regular Month
9/5/2023,Misc,3.13E+11,9/5/2023,0.0,10.0,3833.36,2023-09-05,10.0,Credit,2023,9,September,5,Tuesday,36,2023-09,Regular Month
9/5/2023,Food,3.13E+11,9/5/2023,35.0,0.0,3798.36,2023-09-05,35.0,Debit,2023,9,September,5,Tuesday,36,2023-09,Regular Month
9/5/2023,Misc,3.50E+11,9/5/2023,398.0,0.0,3400.36,2023-09-05,398.0,Debit,2023,9,September,5,Tuesday,36,2023-09,Regular Month
9/5/2023,Misc,3.13E+11,9/5/2023,0.0,155.0,3555.36,2023-09-05,155.0,Credit,2023,9,September,5,Tuesday,36,2023-09,Regular Month
9/5/2023,Food,3.50E+11,9/5/2023,60.0,0.0,3495.36,2023-09-05,60.0,Debit,2023,9,September,5,Tuesday,36,2023-09,Regular Month
10/5/2023,Food,3.50E+11,10/5/2023,0.0,10.0,3505.36,2023-10-05,10.0,Credit,2023,10,October,5,Thursday,40,2023-10,Regular Month
10/5/2023,Misc,3.13E+11,10/5/2023,0.0,70.0,3575.36,2023-10-05,70.0,Credit,2023,10,October,5,Thursday,40,2023-10,Regular Month
10/5/2023,Misc,3.13E+11,10/5/2023,139.0,0.0,3436.36,2023-10-05,139.0,Debit,2023,10,October,5,Thursday,40,2023-10,Regular Month
10/5/2023,Misc,3.50E+11,10/5/2023,500.0,0.0,2936.36,2023-10-05,500.0,Debit,2023,10,October,5,Thursday,40,2023-10,Regular Month
10/5/2023,Misc,3.13E+11,10/5/2023,0.0,500.0,3436.36,2023-10-05,500.0,Credit,2023,10,October,5,Thursday,40,2023-10,Regular Month
10/5/2023,Food,3.50E+11,10/5/2023,40.0,0.0,3396.36,2023-10-05,40.0,Debit,2023,10,October,5,Thursday,40,2023-10,Regular Month
10/5/2023,Misc,3.50E+11,10/5/2023,284.0,0.0,3112.36,2023-10-05,284.0,Debit,2023,10,October,5,Thursday,40,2023-10,Regular Month
11/5/2023,Food,3.50E+11,11/5/2023,85.0,0.0,3027.36,2023-11-05,85.0,Debit,2023,11,November,5,Sunday,44,2023-11,Regular Month
11/5/2023,Food,3.50E+11,11/5/2023,50.0,0.0,2977.36,2023-11-05,50.0,Debit,2023,11,November,5,Sunday,44,2023-11,Regular Month
11/5/2023,Food,3.50E+11,11/5/2023,75.0,0.0,2902.36,2023-11-05,75.0,Debit,2023,11,November,5,Sunday,44,2023-11,Regular Month
11/5/2023,Misc,3.50E+11,11/5/2023,326.0,0.0,2576.36,2023-11-05,326.0,Debit,2023,11,November,5,Sunday,44,2023-11,Regular Month
11/5/2023,Food,3.50E+11,11/5/2023,36.0,0.0,2540.36,2023-11-05,36.0,Debit,2023,11,November,5,Sunday,44,2023-11,Regular Month
12/5/2023,Misc,3.50E+11,12/5/2023,0.0,95.0,2635.36,2023-12-05,95.0,Credit,2023,12,December,5,Tuesday,49,2023-12,Regular Month
12/5/2023,Misc,3.50E+11,12/5/2023,380.0,0.0,2255.36,2023-12-05,380.0,Debit,2023,12,December,5,Tuesday,49,2023-12,Regular Month
12/5/2023,Misc,3.50E+11,12/5/2023,0.0,190.0,2445.36,2023-12-05,190.0,Credit,2023,12,December,5,Tuesday,49,2023-12,Regular Month
12/5/2023,Food,3.50E+11,12/5/2023,50.0,0.0,2395.36,2023-12-05,50.0,Debit,2023,12,December,5,Tuesday,49,2023-12,Regular Month
12/5/2023,Food,3.50E+11,12/5/2023,41.0,0.0,2354.36,2023-12-05,41.0,Debit,2023,12,December,5,Tuesday,49,2023-12,Regular Month
12/5/2023,Misc,3.13E+11,12/5/2023,1041.0,0.0,1313.36,2023-12-05,1041.0,Debit,2023,12,December,5,Tuesday,49,2023-12,Regular Month
12/5/2023,Food,3.13E+11,12/5/2023,41.0,0.0,1272.36,2023-12-05,41.0,Debit,2023,12,December,5,Tuesday,49,2023-12,Regular Month
12/5/2023,Food,3.50E+11,12/5/2023,20.0,0.0,1252.36,2023-12-05,20.0,Debit,2023,12,December,5,Tuesday,49,2023-12,Regular Month
12/5/2023,Food,3.50E+11,12/5/2023,30.0,0.0,1222.36,2023-12-05,30.0,Debit,2023,12,December,5,Tuesday,49,2023-12,Regular Month
12/5/2023,Misc,3.50E+11,12/5/2023,385.0,0.0,837.36,2023-12-05,385.0,Debit,2023,12,December,5,Tuesday,49,2023-12,Regular Month
12/5/2023,Misc,3.50E+11,12/5/2023,0.0,105.0,942.36,2023-12-05,105.0,Credit,2023,12,December,5,Tuesday,49,2023-12,Regular Month
1/6/2023,Shopping,3.15E+11,1/6/2023,0.0,186.0,8637.96,2023-01-06,186.0,Credit,2023,1,January,6,Friday,1,2023-01,Regular Month
2/6/2023,Food,3.52E+11,2/6/2023,30.0,0.0,8607.96,2023-02-06,30.0,Debit,2023,2,February,6,Monday,6,2023-02,Regular Month
2/6/2023,Misc,3.52E+11,2/6/2023,160.0,0.0,8447.96,2023-02-06,160.0,Debit,2023,2,February,6,Monday,6,2023-02,Regular Month
2/6/2023,Food,3.52E+11,2/6/2023,90.0,0.0,8357.96,2023-02-06,90.0,Debit,2023,2,February,6,Monday,6,2023-02,Regular Month
3/6/2023,Shopping,3.15E+11,3/6/2023,454.0,0.0,7903.96,2023-03-06,454.0,Debit,2023,3,March,6,Monday,10,2023-03,Regular Month
3/6/2023,Food,3.15E+11,3/6/2023,30.0,0.0,7873.96,2023-03-06,30.0,Debit,2023,3,March,6,Monday,10,2023-03,Regular Month
3/6/2023,Misc,3.52E+11,3/6/2023,170.01,0.0,7703.95,2023-03-06,170.01,Debit,2023,3,March,6,Monday,10,2023-03,Regular Month
3/6/2023,Misc,3.52E+11,3/6/2023,105.0,0.0,7598.95,2023-03-06,105.0,Debit,2023,3,March,6,Monday,10,2023-03,Regular Month
3/6/2023,Food,3.15E+11,3/6/2023,35.0,0.0,7563.95,2023-03-06,35.0,Debit,2023,3,March,6,Monday,10,2023-03,Regular Month
3/6/2023,Food,3.15E+11,3/6/2023,20.0,0.0,7543.95,2023-03-06,20.0,Debit,2023,3,March,6,Monday,10,2023-03,Regular Month
3/6/2023,Misc,3.15E+11,3/6/2023,0.0,130.0,7673.95,2023-03-06,130.0,Credit,2023,3,March,6,Monday,10,2023-03,Regular Month
3/6/2023,Food,3.52E+11,3/6/2023,36.0,0.0,7637.95,2023-03-06,36.0,Debit,2023,3,March,6,Monday,10,2023-03,Regular Month
3/6/2023,Misc,3.52E+11,3/6/2023,390.0,0.0,7247.95,2023-03-06,390.0,Debit,2023,3,March,6,Monday,10,2023-03,Regular Month
3/6/2023,Food,3.52E+11,3/6/2023,50.0,0.0,7197.95,2023-03-06,50.0,Debit,2023,3,March,6,Monday,10,2023-03,Regular Month
4/6/2023,Food,3.52E+11,4/6/2023,35.0,0.0,7162.95,2023-04-06,35.0,Debit,2023,4,April,6,Thursday,14,2023-04,Regular Month
4/6/2023,Misc,3.52E+11,4/6/2023,963.0,0.0,6199.95,2023-04-06,963.0,Debit,2023,4,April,6,Thursday,14,2023-04,Regular Month
4/6/2023,Misc,3.52E+11,4/6/2023,0.0,190.0,6389.95,2023-04-06,190.0,Credit,2023,4,April,6,Thursday,14,2023-04,Regular Month
4/6/2023,Food,3.16E+11,4/6/2023,65.0,0.0,6324.95,2023-04-06,65.0,Debit,2023,4,April,6,Thursday,14,2023-04,Regular Month
4/6/2023,Food,3.52E+11,4/6/2023,384.9,0.0,5940.05,2023-04-06,384.9,Debit,2023,4,April,6,Thursday,14,2023-04,Regular Month
4/6/2023,Food,3.52E+11,4/6/2023,20.0,0.0,5920.05,2023-04-06,20.0,Debit,2023,4,April,6,Thursday,14,2023-04,Regular Month
5/6/2023,Food,3.16E+11,5/6/2023,34.0,0.0,5886.05,2023-05-06,34.0,Debit,2023,5,May,6,Saturday,18,2023-05,Regular Month
5/6/2023,Food,3.52E+11,5/6/2023,65.0,0.0,5821.05,2023-05-06,65.0,Debit,2023,5,May,6,Saturday,18,2023-05,Regular Month
5/6/2023,Food,3.16E+11,5/6/2023,40.0,0.0,5781.05,2023-05-06,40.0,Debit,2023,5,May,6,Saturday,18,2023-05,Regular Month
5/6/2023,Misc,3.52E+11,5/6/2023,628.0,0.0,5153.05,2023-05-06,628.0,Debit,2023,5,May,6,Saturday,18,2023-05,Regular Month
5/6/2023,Misc,3.52E+11,5/6/2023,8.0,0.0,5145.05,2023-05-06,8.0,Debit,2023,5,May,6,Saturday,18,2023-05,Regular Month
6/6/2023,Food,3.52E+11,6/6/2023,30.0,0.0,5115.05,2023-06-06,30.0,Debit,2023,6,June,6,Tuesday,23,2023-06,Regular Month
6/6/2023,Food,3.52E+11,6/6/2023,251.25,0.0,4863.8,2023-06-06,251.25,Debit,2023,6,June,6,Tuesday,23,2023-06,Regular Month
6/6/2023,Food,3.52E+11,6/6/2023,20.0,0.0,4843.8,2023-06-06,20.0,Debit,2023,6,June,6,Tuesday,23,2023-06,Regular Month
6/6/2023,Food,3.52E+11,6/6/2023,50.0,0.0,4793.8,2023-06-06,50.0,Debit,2023,6,June,6,Tuesday,23,2023-06,Regular Month
6/6/2023,Food,3.52E+11,6/6/2023,14.25,0.0,4779.55,2023-06-06,14.25,Debit,2023,6,June,6,Tuesday,23,2023-06,Regular Month
6/6/2023,Misc,3.16E+11,6/6/2023,150.0,0.0,4629.55,2023-06-06,150.0,Debit,2023,6,June,6,Tuesday,23,2023-06,Regular Month
6/6/2023,Misc,3.52E+11,6/6/2023,515.0,0.0,4114.55,2023-06-06,515.0,Debit,2023,6,June,6,Tuesday,23,2023-06,Regular Month
6/6/2023,Food,3.52E+11,7/6/2023,50.0,0.0,4064.55,2023-06-06,50.0,Debit,2023,6,June,6,Tuesday,23,2023-06,Regular Month
7/6/2023,Food,3.52E+11,7/6/2023,80.0,0.0,3984.55,2023-07-06,80.0,Debit,2023,7,July,6,Thursday,27,2023-07,Regular Month
7/6/2023,Food,3.52E+11,7/6/2023,40.0,0.0,3944.55,2023-07-06,40.0,Debit,2023,7,July,6,Thursday,27,2023-07,Regular Month
7/6/2023,Food,3.16E+11,7/6/2023,40.0,0.0,3904.55,2023-07-06,40.0,Debit,2023,7,July,6,Thursday,27,2023-07,Regular Month
7/6/2023,Food,3.16E+11,7/6/2023,40.0,0.0,3864.55,2023-07-06,40.0,Debit,2023,7,July,6,Thursday,27,2023-07,Regular Month
7/6/2023,Misc,3.52E+11,7/6/2023,0.0,1600.0,5464.55,2023-07-06,1600.0,Credit,2023,7,July,6,Thursday,27,2023-07,Regular Month
7/6/2023,Misc,3.52E+11,7/6/2023,130.0,0.0,5334.55,2023-07-06,130.0,Debit,2023,7,July,6,Thursday,27,2023-07,Regular Month
8/6/2023,Food,3.16E+11,8/6/2023,34.0,0.0,5300.55,2023-08-06,34.0,Debit,2023,8,August,6,Sunday,31,2023-08,Regular Month
8/6/2023,Misc,3.53E+11,8/6/2023,125.0,0.0,5175.55,2023-08-06,125.0,Debit,2023,8,August,6,Sunday,31,2023-08,Regular Month
8/6/2023,Misc,3.53E+11,8/6/2023,0.0,65.0,5240.55,2023-08-06,65.0,Credit,2023,8,August,6,Sunday,31,2023-08,Regular Month
8/6/2023,Food,3.16E+11,8/6/2023,10.0,0.0,5230.55,2023-08-06,10.0,Debit,2023,8,August,6,Sunday,31,2023-08,Regular Month
8/6/2023,Food,3.53E+11,8/6/2023,50.0,0.0,5180.55,2023-08-06,50.0,Debit,2023,8,August,6,Sunday,31,2023-08,Regular Month
8/6/2023,Food,3.16E+11,8/6/2023,50.0,0.0,5130.55,2023-08-06,50.0,Debit,2023,8,August,6,Sunday,31,2023-08,Regular Month
8/6/2023,Food,3.53E+11,8/6/2023,70.0,0.0,5060.55,2023-08-06,70.0,Debit,2023,8,August,6,Sunday,31,2023-08,Regular Month
8/6/2023,Food,3.53E+11,8/6/2023,40.0,0.0,5020.55,2023-08-06,40.0,Debit,2023,8,August,6,Sunday,31,2023-08,Regular Month
9/6/2023,Misc,3.16E+11,9/6/2023,0.0,72.0,5092.55,2023-09-06,72.0,Credit,2023,9,September,6,Wednesday,36,2023-09,Regular Month
9/6/2023,Misc,3.53E+11,9/6/2023,137.0,0.0,4955.55,2023-09-06,137.0,Debit,2023,9,September,6,Wednesday,36,2023-09,Regular Month
9/6/2023,Misc,3.53E+11,9/6/2023,0.0,171.0,5126.55,2023-09-06,171.0,Credit,2023,9,September,6,Wednesday,36,2023-09,Regular Month
9/6/2023,Food,3.53E+11,9/6/2023,50.0,0.0,5076.55,2023-09-06,50.0,Debit,2023,9,September,6,Wednesday,36,2023-09,Regular Month
9/6/2023,Food,3.16E+11,9/6/2023,60.0,0.0,5016.55,2023-09-06,60.0,Debit,2023,9,September,6,Wednesday,36,2023-09,Regular Month
9/6/2023,Misc,3.53E+11,9/6/2023,0.0,8000.0,13016.55,2023-09-06,8000.0,Credit,2023,9,September,6,Wednesday,36,2023-09,Regular Month
9/6/2023,Misc,3.53E+11,9/6/2023,8000.0,0.0,5016.55,2023-09-06,8000.0,Debit,2023,9,September,6,Wednesday,36,2023-09,Regular Month
9/6/2023,Misc,3.53E+11,9/6/2023,125.0,0.0,4891.55,2023-09-06,125.0,Debit,2023,9,September,6,Wednesday,36,2023-09,Regular Month
10/6/2023,Food,3.53E+11,10/6/2023,40.0,0.0,4851.55,2023-10-06,40.0,Debit,2023,10,October,6,Friday,40,2023-10,Regular Month
10/6/2023,Food,3.53E+11,10/6/2023,70.0,0.0,4781.55,2023-10-06,70.0,Debit,2023,10,October,6,Friday,40,2023-10,Regular Month
10/6/2023,Misc,3.16E+11,10/6/2023,150.0,0.0,4631.55,2023-10-06,150.0,Debit,2023,10,October,6,Friday,40,2023-10,Regular Month
10/6/2023,Misc,3.53E+11,10/6/2023,344.0,0.0,4287.55,2023-10-06,344.0,Debit,2023,10,October,6,Friday,40,2023-10,Regular Month
10/6/2023,Food,3.53E+11,10/6/2023,30.0,0.0,4257.55,2023-10-06,30.0,Debit,2023,10,October,6,Friday,40,2023-10,Regular Month
11/6/2023,Misc,3.53E+11,11/6/2023,450.0,0.0,3807.55,2023-11-06,450.0,Debit,2023,11,November,6,Monday,45,2023-11,Regular Month
11/6/2023,Misc,3.53E+11,11/6/2023,350.0,0.0,3457.55,2023-11-06,350.0,Debit,2023,11,November,6,Monday,45,2023-11,Regular Month
11/6/2023,Misc,3.53E+11,11/6/2023,140.0,0.0,3317.55,2023-11-06,140.0,Debit,2023,11,November,6,Monday,45,2023-11,Regular Month
12/6/2023,Food,3.53E+11,12/6/2023,44.0,0.0,3273.55,2023-12-06,44.0,Debit,2023,12,December,6,Wednesday,49,2023-12,Regular Month
12/6/2023,Food,3.53E+11,12/6/2023,40.0,0.0,3233.55,2023-12-06,40.0,Debit,2023,12,December,6,Wednesday,49,2023-12,Regular Month
12/6/2023,Misc,3.16E+11,12/6/2023,0.0,3000.0,6233.55,2023-12-06,3000.0,Credit,2023,12,December,6,Wednesday,49,2023-12,Regular Month
12/6/2023,Misc,3.16E+11,12/6/2023,3000.0,0.0,3233.55,2023-12-06,3000.0,Debit,2023,12,December,6,Wednesday,49,2023-12,Regular Month
12/6/2023,Food,3.16E+11,12/6/2023,34.0,0.0,3199.55,2023-12-06,34.0,Debit,2023,12,December,6,Wednesday,49,2023-12,Regular Month
12/6/2023,Food,3.53E+11,12/6/2023,50.0,0.0,3149.55,2023-12-06,50.0,Debit,2023,12,December,6,Wednesday,49,2023-12,Regular Month
12/6/2023,Food,3.53E+11,12/6/2023,25.0,0.0,3124.55,2023-12-06,25.0,Debit,2023,12,December,6,Wednesday,49,2023-12,Regular Month
12/6/2023,Food,3.53E+11,12/6/2023,56.0,0.0,3068.55,2023-12-06,56.0,Debit,2023,12,December,6,Wednesday,49,2023-12,Regular Month
1/7/2023,Misc,0,30/06/23,0.0,34.0,1059.85,2023-01-07,34.0,Credit,2023,1,January,7,Saturday,1,2023-01,Regular Month
1/7/2023,Food,3.55E+11,1/7/2023,20.0,0.0,1039.85,2023-01-07,20.0,Debit,2023,1,January,7,Saturday,1,2023-01,Regular Month
1/7/2023,Food,3.18E+11,1/7/2023,20.0,0.0,1019.85,2023-01-07,20.0,Debit,2023,1,January,7,Saturday,1,2023-01,Regular Month
1/7/2023,Food,3.18E+11,1/7/2023,20.0,0.0,999.85,2023-01-07,20.0,Debit,2023,1,January,7,Saturday,1,2023-01,Regular Month
2/7/2023,Misc,3.18E+11,1/7/2023,0.0,10.0,1009.85,2023-02-07,10.0,Credit,2023,2,February,7,Tuesday,6,2023-02,Regular Month
4/7/2023,Misc,3.55E+11,4/7/2023,125.0,0.0,884.85,2023-04-07,125.0,Debit,2023,4,April,7,Friday,14,2023-04,Regular Month
5/7/2023,Food,3.55E+11,5/7/2023,40.0,0.0,844.85,2023-05-07,40.0,Debit,2023,5,May,7,Sunday,18,2023-05,Regular Month
5/7/2023,Food,3.19E+11,5/7/2023,50.0,0.0,794.85,2023-05-07,50.0,Debit,2023,5,May,7,Sunday,18,2023-05,Regular Month
8/7/2023,Misc,3.07E+11,8/7/2023,0.0,1.13,795.98,2023-08-07,1.13,Credit,2023,8,August,7,Monday,32,2023-08,Regular Month
8/7/2023,Food,3.56E+11,8/7/2023,50.0,0.0,745.98,2023-08-07,50.0,Debit,2023,8,August,7,Monday,32,2023-08,Regular Month
8/7/2023,Misc,3.56E+11,8/7/2023,0.0,7800.0,8545.98,2023-08-07,7800.0,Credit,2023,8,August,7,Monday,32,2023-08,Regular Month
8/7/2023,Misc,3.56E+11,9/7/2023,7800.0,0.0,745.98,2023-08-07,7800.0,Debit,2023,8,August,7,Monday,32,2023-08,Regular Month
9/7/2023,Shopping,3.19E+11,9/7/2023,184.0,0.0,561.98,2023-09-07,184.0,Debit,2023,9,September,7,Thursday,36,2023-09,Regular Month
10/7/2023,Misc,3.56E+11,10/7/2023,0.0,2500.0,3061.98,2023-10-07,2500.0,Credit,2023,10,October,7,Saturday,40,2023-10,Regular Month
10/7/2023,Food,3.19E+11,10/7/2023,100.0,0.0,2961.98,2023-10-07,100.0,Debit,2023,10,October,7,Saturday,40,2023-10,Regular Month
10/7/2023,Misc,3.19E+11,10/7/2023,1100.0,0.0,1861.98,2023-10-07,1100.0,Debit,2023,10,October,7,Saturday,40,2023-10,Regular Month
10/7/2023,Food,3.56E+11,10/7/2023,30.0,0.0,1831.98,2023-10-07,30.0,Debit,2023,10,October,7,Saturday,40,2023-10,Regular Month
11/7/2023,Food,3.19E+11,11/7/2023,20.0,0.0,1811.98,2023-11-07,20.0,Debit,2023,11,November,7,Tuesday,45,2023-11,Regular Month
11/7/2023,Misc,3.19E+11,11/7/2023,170.0,0.0,1641.98,2023-11-07,170.0,Debit,2023,11,November,7,Tuesday,45,2023-11,Regular Month
11/7/2023,Misc,3.19E+11,11/7/2023,140.0,0.0,1501.98,2023-11-07,140.0,Debit,2023,11,November,7,Tuesday,45,2023-11,Regular Month
11/7/2023,Food,3.19E+11,11/7/2023,20.0,0.0,1481.98,2023-11-07,20.0,Debit,2023,11,November,7,Tuesday,45,2023-11,Regular Month
11/7/2023,Food,3.19E+11,11/7/2023,20.0,0.0,1461.98,2023-11-07,20.0,Debit,2023,11,November,7,Tuesday,45,2023-11,Regular Month
12/7/2023,Misc,3.07E+11,12/7/2023,0.0,125.96,1587.94,2023-12-07,125.96,Credit,2023,12,December,7,Thursday,49,2023-12,Regular Month
12/7/2023,Misc,3.56E+11,12/7/2023,125.0,0.0,1462.94,2023-12-07,125.0,Debit,2023,12,December,7,Thursday,49,2023-12,Regular Month
12/7/2023,Food,3.19E+11,12/7/2023,24.0,0.0,1438.94,2023-12-07,24.0,Debit,2023,12,December,7,Thursday,49,2023-12,Regular Month
12/7/2023,Food,3.19E+11,12/7/2023,10.0,0.0,1428.94,2023-12-07,10.0,Debit,2023,12,December,7,Thursday,49,2023-12,Regular Month
12/7/2023,Food,3.19E+11,12/7/2023,30.0,0.0,1398.94,2023-12-07,30.0,Debit,2023,12,December,7,Thursday,49,2023-12,Regular Month
1/8/2023,Misc,MIR2421393691857,1/8/2023,236.0,0.0,7285.62,2023-01-08,236.0,Debit,2023,1,January,8,Sunday,1,2023-01,Regular Month
1/8/2023,Food,3.21E+11,1/8/2023,15.0,0.0,7270.62,2023-01-08,15.0,Debit,2023,1,January,8,Sunday,1,2023-01,Regular Month
1/8/2023,Food,3.21E+11,1/8/2023,30.0,0.0,7240.62,2023-01-08,30.0,Debit,2023,1,January,8,Sunday,1,2023-01,Regular Month
2/8/2023,Misc,3.21E+11,2/8/2023,0.0,2000.0,9240.62,2023-02-08,2000.0,Credit,2023,2,February,8,Wednesday,6,2023-02,Regular Month
2/8/2023,Rent,3.21E+11,2/8/2023,7459.0,0.0,1781.62,2023-02-08,7459.0,Debit,2023,2,February,8,Wednesday,6,2023-02,Regular Month
2/8/2023,Misc,3.21E+11,2/8/2023,243.0,0.0,1538.62,2023-02-08,243.0,Debit,2023,2,February,8,Wednesday,6,2023-02,Regular Month
2/8/2023,Misc,3.21E+11,2/8/2023,999.0,0.0,539.62,2023-02-08,999.0,Debit,2023,2,February,8,Wednesday,6,2023-02,Regular Month
2/8/2023,Food,3.21E+11,2/8/2023,10.0,0.0,529.62,2023-02-08,10.0,Debit,2023,2,February,8,Wednesday,6,2023-02,Regular Month
2/8/2023,Food,3.21E+11,2/8/2023,90.0,0.0,439.62,2023-02-08,90.0,Debit,2023,2,February,8,Wednesday,6,2023-02,Regular Month
2/8/2023,Food,3.21E+11,2/8/2023,24.0,0.0,415.62,2023-02-08,24.0,Debit,2023,2,February,8,Wednesday,6,2023-02,Regular Month
2/8/2023,Misc,3.21E+11,2/8/2023,6.0,0.0,409.62,2023-02-08,6.0,Debit,2023,2,February,8,Wednesday,6,2023-02,Regular Month
2/8/2023,Misc,3.21E+11,2/8/2023,140.0,0.0,269.62,2023-02-08,140.0,Debit,2023,2,February,8,Wednesday,6,2023-02,Regular Month
2/8/2023,Food,3.21E+11,2/8/2023,30.0,0.0,239.62,2023-02-08,30.0,Debit,2023,2,February,8,Wednesday,6,2023-02,Regular Month
3/8/2023,Food,3.58E+11,3/8/2023,55.0,0.0,184.62,2023-03-08,55.0,Debit,2023,3,March,8,Wednesday,10,2023-03,Regular Month
3/8/2023,Food,3.22E+11,3/8/2023,40.0,0.0,144.62,2023-03-08,40.0,Debit,2023,3,March,8,Wednesday,10,2023-03,Regular Month
3/8/2023,Food,3.22E+11,3/8/2023,40.0,0.0,104.62,2023-03-08,40.0,Debit,2023,3,March,8,Wednesday,10,2023-03,Regular Month
3/8/2023,Food,3.22E+11,3/8/2023,40.0,0.0,64.62,2023-03-08,40.0,Debit,2023,3,March,8,Wednesday,10,2023-03,Regular Month
4/8/2023,Food,3.22E+11,4/8/2023,20.0,0.0,44.62,2023-04-08,20.0,Debit,2023,4,April,8,Saturday,14,2023-04,Regular Month
5/8/2023,Misc,3.58E+11,5/8/2023,0.0,13000.0,13044.62,2023-05-08,13000.0,Credit,2023,5,May,8,Monday,19,2023-05,Regular Month
5/8/2023,Misc,3.22E+11,5/8/2023,13000.0,0.0,44.62,2023-05-08,13000.0,Debit,2023,5,May,8,Monday,19,2023-05,Regular Month
11/8/2023,Misc,3.22E+11,11/8/2023,0.0,1000.0,1044.62,2023-11-08,1000.0,Credit,2023,11,November,8,Wednesday,45,2023-11,Regular Month
11/8/2023,Food,3.22E+11,11/8/2023,85.0,0.0,959.62,2023-11-08,85.0,Debit,2023,11,November,8,Wednesday,45,2023-11,Regular Month
11/8/2023,Food,3.22E+11,11/8/2023,30.0,0.0,929.62,2023-11-08,30.0,Debit,2023,11,November,8,Wednesday,45,2023-11,Regular Month
11/8/2023,Food,3.22E+11,11/8/2023,50.0,0.0,879.62,2023-11-08,50.0,Debit,2023,11,November,8,Wednesday,45,2023-11,Regular Month
11/8/2023,Misc,3.22E+11,11/8/2023,179.0,0.0,700.62,2023-11-08,179.0,Debit,2023,11,November,8,Wednesday,45,2023-11,Regular Month
11/8/2023,Food,3.59E+11,11/8/2023,10.0,0.0,690.62,2023-11-08,10.0,Debit,2023,11,November,8,Wednesday,45,2023-11,Regular Month
11/8/2023,Food,3.59E+11,11/8/2023,60.0,0.0,630.62,2023-11-08,60.0,Debit,2023,11,November,8,Wednesday,45,2023-11,Regular Month
12/8/2023,Misc,3.22E+11,12/8/2023,393.0,0.0,237.62,2023-12-08,393.0,Debit,2023,12,December,8,Friday,49,2023-12,Regular Month
12/8/2023,Food,3.22E+11,12/8/2023,30.0,0.0,207.62,2023-12-08,30.0,Debit,2023,12,December,8,Friday,49,2023-12,Regular Month
12/8/2023,Food,3.22E+11,12/8/2023,66.0,0.0,141.62,2023-12-08,66.0,Debit,2023,12,December,8,Friday,49,2023-12,Regular Month
1/9/2023,Rent,3.24E+11,1/9/2023,7310.0,0.0,5036.86,2023-01-09,7310.0,Debit,2023,1,January,9,Monday,2,2023-01,Regular Month
1/9/2023,Misc,3.24E+11,1/9/2023,110.0,0.0,4926.86,2023-01-09,110.0,Debit,2023,1,January,9,Monday,2,2023-01,Regular Month
1/9/2023,Food,3.24E+11,1/9/2023,20.0,0.0,4906.86,2023-01-09,20.0,Debit,2023,1,January,9,Monday,2,2023-01,Regular Month
1/9/2023,Food,3.24E+11,1/9/2023,30.0,0.0,4876.86,2023-01-09,30.0,Debit,2023,1,January,9,Monday,2,2023-01,Regular Month
1/9/2023,Misc,3.24E+11,1/9/2023,447.0,0.0,4429.86,2023-01-09,447.0,Debit,2023,1,January,9,Monday,2,2023-01,Regular Month
1/9/2023,Food,3.24E+11,1/9/2023,52.0,0.0,4377.86,2023-01-09,52.0,Debit,2023,1,January,9,Monday,2,2023-01,Regular Month
1/9/2023,Food,3.24E+11,1/9/2023,20.0,0.0,4357.86,2023-01-09,20.0,Debit,2023,1,January,9,Monday,2,2023-01,Regular Month
2/9/2023,Food,3.61E+11,2/9/2023,188.2,0.0,4169.66,2023-02-09,188.2,Debit,2023,2,February,9,Thursday,6,2023-02,Regular Month
2/9/2023,Food,3.25E+11,2/9/2023,50.0,0.0,4119.66,2023-02-09,50.0,Debit,2023,2,February,9,Thursday,6,2023-02,Regular Month
2/9/2023,Food,3.61E+11,2/9/2023,136.76,0.0,3982.9,2023-02-09,136.76,Debit,2023,2,February,9,Thursday,6,2023-02,Regular Month
2/9/2023,Food,3.25E+11,2/9/2023,0.0,136.76,4119.66,2023-02-09,136.76,Credit,2023,2,February,9,Thursday,6,2023-02,Regular Month
3/9/2023,Food,3.25E+11,3/9/2023,30.0,0.0,4089.66,2023-03-09,30.0,Debit,2023,3,March,9,Thursday,10,2023-03,Regular Month
3/9/2023,Food,3.25E+11,3/9/2023,36.0,0.0,4053.66,2023-03-09,36.0,Debit,2023,3,March,9,Thursday,10,2023-03,Regular Month
3/9/2023,Food,3.25E+11,3/9/2023,60.0,0.0,3993.66,2023-03-09,60.0,Debit,2023,3,March,9,Thursday,10,2023-03,Regular Month
3/9/2023,Food,3.25E+11,3/9/2023,20.0,0.0,3973.66,2023-03-09,20.0,Debit,2023,3,March,9,Thursday,10,2023-03,Regular Month
4/9/2023,Food,3.25E+11,4/9/2023,30.0,0.0,3943.66,2023-04-09,30.0,Debit,2023,4,April,9,Sunday,14,2023-04,Regular Month
4/9/2023,Food,3.25E+11,4/9/2023,55.0,0.0,3888.66,2023-04-09,55.0,Debit,2023,4,April,9,Sunday,14,2023-04,Regular Month
4/9/2023,Misc,3.25E+11,4/9/2023,250.0,0.0,3638.66,2023-04-09,250.0,Debit,2023,4,April,9,Sunday,14,2023-04,Regular Month
4/9/2023,Food,3.25E+11,4/9/2023,30.0,0.0,3608.66,2023-04-09,30.0,Debit,2023,4,April,9,Sunday,14,2023-04,Regular Month
5/9/2023,Food,3.25E+11,5/9/2023,80.0,0.0,3528.66,2023-05-09,80.0,Debit,2023,5,May,9,Tuesday,19,2023-05,Regular Month
5/9/2023,Food,3.25E+11,5/9/2023,50.0,0.0,3478.66,2023-05-09,50.0,Debit,2023,5,May,9,Tuesday,19,2023-05,Regular Month
5/9/2023,Misc,3.61E+11,6/9/2023,1000.0,0.0,2478.66,2023-05-09,1000.0,Debit,2023,5,May,9,Tuesday,19,2023-05,Regular Month
6/9/2023,Food,3.62E+11,6/9/2023,55.0,0.0,2423.66,2023-06-09,55.0,Debit,2023,6,June,9,Friday,23,2023-06,Regular Month
6/9/2023,Food,3.25E+11,6/9/2023,40.0,0.0,2383.66,2023-06-09,40.0,Debit,2023,6,June,9,Friday,23,2023-06,Regular Month
6/9/2023,Food,3.62E+11,6/9/2023,217.95,0.0,2165.71,2023-06-09,217.95,Debit,2023,6,June,9,Friday,23,2023-06,Regular Month
6/9/2023,Food,3.25E+11,6/9/2023,60.0,0.0,2105.71,2023-06-09,60.0,Debit,2023,6,June,9,Friday,23,2023-06,Regular Month
7/9/2023,Misc,3.25E+11,7/9/2023,170.0,0.0,1935.71,2023-07-09,170.0,Debit,2023,7,July,9,Sunday,27,2023-07,Regular Month
7/9/2023,Misc,3.25E+11,7/9/2023,200.0,0.0,1735.71,2023-07-09,200.0,Debit,2023,7,July,9,Sunday,27,2023-07,Regular Month
7/9/2023,Food,3.25E+11,7/9/2023,40.0,0.0,1695.71,2023-07-09,40.0,Debit,2023,7,July,9,Sunday,27,2023-07,Regular Month
7/9/2023,Food,3.25E+11,7/9/2023,80.0,0.0,1615.71,2023-07-09,80.0,Debit,2023,7,July,9,Sunday,27,2023-07,Regular Month
7/9/2023,Food,3.25E+11,7/9/2023,85.0,0.0,1530.71,2023-07-09,85.0,Debit,2023,7,July,9,Sunday,27,2023-07,Regular Month
8/9/2023,Food,3.25E+11,8/9/2023,25.0,0.0,1505.71,2023-08-09,25.0,Debit,2023,8,August,9,Wednesday,32,2023-08,Regular Month
8/9/2023,Food,3.25E+11,8/9/2023,40.0,0.0,1465.71,2023-08-09,40.0,Debit,2023,8,August,9,Wednesday,32,2023-08,Regular Month
8/9/2023,Misc,3.25E+11,8/9/2023,0.0,80.0,1545.71,2023-08-09,80.0,Credit,2023,8,August,9,Wednesday,32,2023-08,Regular Month
8/9/2023,Misc,3.62E+11,8/9/2023,190.0,0.0,1355.71,2023-08-09,190.0,Debit,2023,8,August,9,Wednesday,32,2023-08,Regular Month
9/9/2023,Misc,3.25E+11,9/9/2023,279.5,0.0,1076.21,2023-09-09,279.5,Debit,2023,9,September,9,Saturday,36,2023-09,Regular Month
9/9/2023,Food,3.25E+11,9/9/2023,52.0,0.0,1024.21,2023-09-09,52.0,Debit,2023,9,September,9,Saturday,36,2023-09,Regular Month
9/9/2023,Food,3.25E+11,9/9/2023,30.0,0.0,994.21,2023-09-09,30.0,Debit,2023,9,September,9,Saturday,36,2023-09,Regular Month
9/9/2023,Food,3.25E+11,9/9/2023,10.0,0.0,984.21,2023-09-09,10.0,Debit,2023,9,September,9,Saturday,36,2023-09,Regular Month
9/9/2023,Food,3.25E+11,9/9/2023,40.0,0.0,944.21,2023-09-09,40.0,Debit,2023,9,September,9,Saturday,36,2023-09,Regular Month
10/9/2023,Food,3.25E+11,10/9/2023,230.7,0.0,713.51,2023-10-09,230.7,Debit,2023,10,October,9,Monday,41,2023-10,Regular Month
10/9/2023,Food,3.25E+11,10/9/2023,54.0,0.0,659.51,2023-10-09,54.0,Debit,2023,10,October,9,Monday,41,2023-10,Regular Month
10/9/2023,Misc,3.62E+11,10/9/2023,0.0,500.0,1159.51,2023-10-09,500.0,Credit,2023,10,October,9,Monday,41,2023-10,Regular Month
10/9/2023,Food,3.62E+11,10/9/2023,426.94,0.0,732.57,2023-10-09,426.94,Debit,2023,10,October,9,Monday,41,2023-10,Regular Month
11/9/2023,Food,3.25E+11,11/9/2023,192.24,0.0,540.33,2023-11-09,192.24,Debit,2023,11,November,9,Thursday,45,2023-11,Regular Month
11/9/2023,Food,3.25E+11,11/9/2023,55.0,0.0,485.33,2023-11-09,55.0,Debit,2023,11,November,9,Thursday,45,2023-11,Regular Month
11/9/2023,Food,3.25E+11,11/9/2023,80.0,0.0,405.33,2023-11-09,80.0,Debit,2023,11,November,9,Thursday,45,2023-11,Regular Month
11/9/2023,Food,3.25E+11,11/9/2023,20.0,0.0,385.33,2023-11-09,20.0,Debit,2023,11,November,9,Thursday,45,2023-11,Regular Month
11/9/2023,Food,3.25E+11,11/9/2023,10.0,0.0,375.33,2023-11-09,10.0,Debit,2023,11,November,9,Thursday,45,2023-11,Regular Month
11/9/2023,Food,3.25E+11,11/9/2023,10.0,0.0,365.33,2023-11-09,10.0,Debit,2023,11,November,9,Thursday,45,2023-11,Regular Month
11/9/2023,Misc,3.25E+11,11/9/2023,125.0,0.0,240.33,2023-11-09,125.0,Debit,2023,11,November,9,Thursday,45,2023-11,Regular Month
12/9/2023,Food,3.26E+11,12/9/2023,30.0,0.0,210.33,2023-12-09,30.0,Debit,2023,12,December,9,Saturday,49,2023-12,Regular Month
12/9/2023,Food,3.26E+11,12/9/2023,55.0,0.0,155.33,2023-12-09,55.0,Debit,2023,12,December,9,Saturday,49,2023-12,Regular Month
12/9/2023,Food,3.26E+11,12/9/2023,40.0,0.0,115.33,2023-12-09,40.0,Debit,2023,12,December,9,Saturday,49,2023-12,Regular Month
12/9/2023,Food,3.26E+11,12/9/2023,60.0,0.0,55.33,2023-12-09,60.0,Debit,2023,12,December,9,Saturday,49,2023-12,Regular Month
12/9/2023,Food,3.26E+11,12/9/2023,10.0,0.0,45.33,2023-12-09,10.0,Debit,2023,12,December,9,Saturday,49,2023-12,Regular Month
1/10/2023,Misc,0,30/09/23,0.0,20.0,1851.32,2023-01-10,20.0,Credit,2023,1,January,10,Tuesday,2,2023-01,Regular Month
1/10/2023,Food,3.27E+11,1/10/2023,20.0,0.0,1831.32,2023-01-10,20.0,Debit,2023,1,January,10,Tuesday,2,2023-01,Regular Month
1/10/2023,Food,3.27E+11,1/10/2023,20.0,0.0,1811.32,2023-01-10,20.0,Debit,2023,1,January,10,Tuesday,2,2023-01,Regular Month
1/10/2023,Food,3.27E+11,1/10/2023,25.0,0.0,1786.32,2023-01-10,25.0,Debit,2023,1,January,10,Tuesday,2,2023-01,Regular Month
1/10/2023,Food,3.27E+11,1/10/2023,50.0,0.0,1736.32,2023-01-10,50.0,Debit,2023,1,January,10,Tuesday,2,2023-01,Regular Month
1/10/2023,Food,3.27E+11,1/10/2023,85.0,0.0,1651.32,2023-01-10,85.0,Debit,2023,1,January,10,Tuesday,2,2023-01,Regular Month
2/10/2023,Food,3.27E+11,2/10/2023,10.0,0.0,1641.32,2023-02-10,10.0,Debit,2023,2,February,10,Friday,6,2023-02,Regular Month
2/10/2023,Food,3.28E+11,2/10/2023,49.0,0.0,1592.32,2023-02-10,49.0,Debit,2023,2,February,10,Friday,6,2023-02,Regular Month
2/10/2023,Food,3.64E+11,2/10/2023,30.0,0.0,1562.32,2023-02-10,30.0,Debit,2023,2,February,10,Friday,6,2023-02,Regular Month
2/10/2023,Food,3.28E+11,2/10/2023,49.0,0.0,1513.32,2023-02-10,49.0,Debit,2023,2,February,10,Friday,6,2023-02,Regular Month
2/10/2023,Food,3.28E+11,2/10/2023,80.0,0.0,1433.32,2023-02-10,80.0,Debit,2023,2,February,10,Friday,6,2023-02,Regular Month
2/10/2023,Food,3.28E+11,2/10/2023,30.0,0.0,1403.32,2023-02-10,30.0,Debit,2023,2,February,10,Friday,6,2023-02,Regular Month
2/10/2023,Misc,3.28E+11,2/10/2023,470.0,0.0,933.32,2023-02-10,470.0,Debit,2023,2,February,10,Friday,6,2023-02,Regular Month
3/10/2023,Food,3.28E+11,3/10/2023,19.0,0.0,914.32,2023-03-10,19.0,Debit,2023,3,March,10,Friday,10,2023-03,Regular Month
3/10/2023,Misc,3.28E+11,3/10/2023,130.0,0.0,784.32,2023-03-10,130.0,Debit,2023,3,March,10,Friday,10,2023-03,Regular Month
3/10/2023,Food,3.64E+11,3/10/2023,188.74,0.0,595.58,2023-03-10,188.74,Debit,2023,3,March,10,Friday,10,2023-03,Regular Month
3/10/2023,Food,3.28E+11,3/10/2023,48.0,0.0,547.58,2023-03-10,48.0,Debit,2023,3,March,10,Friday,10,2023-03,Regular Month
3/10/2023,Food,3.28E+11,3/10/2023,10.0,0.0,537.58,2023-03-10,10.0,Debit,2023,3,March,10,Friday,10,2023-03,Regular Month
3/10/2023,Misc,3.28E+11,3/10/2023,0.0,385.0,922.58,2023-03-10,385.0,Credit,2023,3,March,10,Friday,10,2023-03,Regular Month
3/10/2023,Misc,3.28E+11,3/10/2023,680.0,0.0,242.58,2023-03-10,680.0,Debit,2023,3,March,10,Friday,10,2023-03,Regular Month
3/10/2023,Misc,3.28E+11,3/10/2023,0.0,43.0,285.58,2023-03-10,43.0,Credit,2023,3,March,10,Friday,10,2023-03,Regular Month
3/10/2023,Misc,3.64E+11,3/10/2023,0.0,1000.0,1285.58,2023-03-10,1000.0,Credit,2023,3,March,10,Friday,10,2023-03,Regular Month
3/10/2023,Misc,3.28E+11,3/10/2023,370.0,0.0,915.58,2023-03-10,370.0,Debit,2023,3,March,10,Friday,10,2023-03,Regular Month
4/10/2023,Food,3.64E+11,4/10/2023,80.0,0.0,835.58,2023-04-10,80.0,Debit,2023,4,April,10,Monday,15,2023-04,Regular Month
4/10/2023,Food,3.64E+11,4/10/2023,45.0,0.0,790.58,2023-04-10,45.0,Debit,2023,4,April,10,Monday,15,2023-04,Regular Month
4/10/2023,Misc,3.28E+11,4/10/2023,120.0,0.0,670.58,2023-04-10,120.0,Debit,2023,4,April,10,Monday,15,2023-04,Regular Month
4/10/2023,Food,3.28E+11,4/10/2023,12.0,0.0,658.58,2023-04-10,12.0,Debit,2023,4,April,10,Monday,15,2023-04,Regular Month
5/10/2023,Food,3.28E+11,5/10/2023,35.0,0.0,623.58,2023-05-10,35.0,Debit,2023,5,May,10,Wednesday,19,2023-05,Regular Month
5/10/2023,Food,3.64E+11,5/10/2023,70.0,0.0,553.58,2023-05-10,70.0,Debit,2023,5,May,10,Wednesday,19,2023-05,Regular Month
5/10/2023,Food,3.64E+11,5/10/2023,75.0,0.0,478.58,2023-05-10,75.0,Debit,2023,5,May,10,Wednesday,19,2023-05,Regular Month
6/10/2023,Food,3.28E+11,6/10/2023,33.0,0.0,445.58,2023-06-10,33.0,Debit,2023,6,June,10,Saturday,23,2023-06,Regular Month
6/10/2023,Food,3.28E+11,6/10/2023,95.0,0.0,350.58,2023-06-10,95.0,Debit,2023,6,June,10,Saturday,23,2023-06,Regular Month
7/10/2023,Food,3.28E+11,7/10/2023,87.69,0.0,262.89,2023-07-10,87.69,Debit,2023,7,July,10,Monday,28,2023-07,Regular Month
7/10/2023,Misc,3.65E+11,7/10/2023,184.0,0.0,78.89,2023-07-10,184.0,Debit,2023,7,July,10,Monday,28,2023-07,Regular Month
9/10/2023,Misc,3.28E+11,9/10/2023,0.0,1000.0,1078.89,2023-09-10,1000.0,Credit,2023,9,September,10,Sunday,36,2023-09,Regular Month
9/10/2023,Food,3.28E+11,9/10/2023,79.0,0.0,999.89,2023-09-10,79.0,Debit,2023,9,September,10,Sunday,36,2023-09,Regular Month
10/10/2023,Food,3.28E+11,10/10/2023,50.0,0.0,949.89,2023-10-10,50.0,Debit,2023,10,October,10,Tuesday,41,2023-10,Regular Month
10/10/2023,Food,3.65E+11,10/10/2023,42.0,0.0,907.89,2023-10-10,42.0,Debit,2023,10,October,10,Tuesday,41,2023-10,Regular Month
11/10/2023,Food,3.65E+11,11/10/2023,80.0,0.0,827.89,2023-11-10,80.0,Debit,2023,11,November,10,Friday,45,2023-11,Regular Month
12/10/2023,Food,3.65E+11,12/10/2023,70.0,0.0,757.89,2023-12-10,70.0,Debit,2023,12,December,10,Sunday,49,2023-12,Regular Month
1/11/2023,Misc,3.31E+11,1/11/2023,0.0,500.0,500.15,2023-01-11,500.0,Credit,2023,1,January,11,Wednesday,2,2023-01,Regular Month
1/11/2023,Misc,3.31E+11,1/11/2023,500.0,0.0,0.15,2023-01-11,500.0,Debit,2023,1,January,11,Wednesday,2,2023-01,Regular Month
2/11/2023,Misc,3.31E+11,2/11/2023,0.0,1000.0,1000.15,2023-02-11,1000.0,Credit,2023,2,February,11,Saturday,6,2023-02,Regular Month
2/11/2023,Misc,3.67E+11,2/11/2023,1000.0,0.0,0.15,2023-02-11,1000.0,Debit,2023,2,February,11,Saturday,6,2023-02,Regular Month
2/11/2023,Misc,3.31E+11,2/11/2023,0.0,1000.0,1000.15,2023-02-11,1000.0,Credit,2023,2,February,11,Saturday,6,2023-02,Regular Month
2/11/2023,Misc,3.67E+11,2/11/2023,1000.0,0.0,0.15,2023-02-11,1000.0,Debit,2023,2,February,11,Saturday,6,2023-02,Regular Month
1/12/2023,Food,3.70E+11,2/12/2023,19.0,0.0,894.97,2023-01-12,19.0,Debit,2023,1,January,12,Thursday,2,2023-01,Regular Month
2/12/2023,Misc,3.34E+11,2/12/2023,200.0,0.0,694.97,2023-02-12,200.0,Debit,2023,2,February,12,Sunday,6,2023-02,Regular Month
3/12/2023,Misc,3.34E+11,3/12/2023,120.0,0.0,574.97,2023-03-12,120.0,Debit,2023,3,March,12,Sunday,10,2023-03,Regular Month
3/12/2023,Misc,3.34E+11,3/12/2023,0.0,7.0,581.97,2023-03-12,7.0,Credit,2023,3,March,12,Sunday,10,2023-03,Regular Month
3/12/2023,Misc,3.34E+11,3/12/2023,0.0,70.0,651.97,2023-03-12,70.0,Credit,2023,3,March,12,Sunday,10,2023-03,Regular Month
4/12/2023,Misc,3.34E+11,4/12/2023,500.0,0.0,151.97,2023-04-12,500.0,Debit,2023,4,April,12,Wednesday,15,2023-04,Regular Month
4/12/2023,Misc,3.34E+11,4/12/2023,0.0,500.0,651.97,2023-04-12,500.0,Credit,2023,4,April,12,Wednesday,15,2023-04,Regular Month
4/12/2023,Misc,3.34E+11,4/12/2023,450.0,0.0,201.97,2023-04-12,450.0,Debit,2023,4,April,12,Wednesday,15,2023-04,Regular Month
6/12/2023,Misc,3.71E+11,6/12/2023,0.0,150.0,351.97,2023-06-12,150.0,Credit,2023,6,June,12,Monday,24,2023-06,Regular Month
6/12/2023,Food,3.71E+11,6/12/2023,60.0,0.0,291.97,2023-06-12,60.0,Debit,2023,6,June,12,Monday,24,2023-06,Regular Month
7/12/2023,Misc,3.34E+11,8/12/2023,0.0,15000.0,15291.97,2023-07-12,15000.0,Credit,2023,7,July,12,Wednesday,28,2023-07,Regular Month
9/12/2023,Misc,3.34E+11,9/12/2023,15048.0,0.0,243.97,2023-09-12,15048.0,Debit,2023,9,September,12,Tuesday,37,2023-09,Regular Month
10/12/2023,Misc,3.71E+11,10/12/2023,0.0,4000.0,4243.97,2023-10-12,4000.0,Credit,2023,10,October,12,Thursday,41,2023-10,Regular Month
10/12/2023,Transport,3.34E+11,10/12/2023,3062.0,0.0,1181.97,2023-10-12,3062.0,Debit,2023,10,October,12,Thursday,41,2023-10,Regular Month
10/12/2023,Misc,3.71E+11,10/12/2023,1000.0,0.0,181.97,2023-10-12,1000.0,Debit,2023,10,October,12,Thursday,41,2023-10,Regular Month
10/12/2023,Misc,3.34E+11,10/12/2023,0.0,1000.0,1181.97,2023-10-12,1000.0,Credit,2023,10,October,12,Thursday,41,2023-10,Regular Month
11/12/2023,Food,3.71E+11,11/12/2023,30.0,0.0,1151.97,2023-11-12,30.0,Debit,2023,11,November,12,Sunday,45,2023-11,Regular Month
11/12/2023,Food,3.71E+11,11/12/2023,10.0,0.0,1141.97,2023-11-12,10.0,Debit,2023,11,November,12,Sunday,45,2023-11,Regular Month
11/12/2023,Food,3.71E+11,11/12/2023,30.0,0.0,1111.97,2023-11-12,30.0,Debit,2023,11,November,12,Sunday,45,2023-11,Regular Month
11/12/2023,Misc,3.71E+11,11/12/2023,220.0,0.0,891.97,2023-11-12,220.0,Debit,2023,11,November,12,Sunday,45,2023-11,Regular Month
11/12/2023,Food,3.35E+11,11/12/2023,169.29,0.0,722.68,2023-11-12,169.29,Debit,2023,11,November,12,Sunday,45,2023-11,Regular Month
12/12/2023,Food,3.71E+11,12/12/2023,25.0,0.0,697.68,2023-12-12,25.0,Debit,2023,12,December,12,Tuesday,50,2023-12,Regular Month
12/12/2023,Food,3.71E+11,12/12/2023,40.0,0.0,657.68,2023-12-12,40.0,Debit,2023,12,December,12,Tuesday,50,2023-12,Regular Month
12/12/2023,Food,3.71E+11,12/12/2023,20.0,0.0,637.68,2023-12-12,20.0,Debit,2023,12,December,12,Tuesday,50,2023-12,Regular Month
12/12/2023,Misc,3.35E+11,12/12/2023,530.0,0.0,107.68,2023-12-12,530.0,Debit,2023,12,December,12,Tuesday,50,2023-12,Regular Month
12/12/2023,Food,3.71E+11,12/12/2023,35.0,0.0,72.68,2023-12-12,35.0,Debit,2023,12,December,12,Tuesday,50,2023-12,Regular Month
12/12/2023,Misc,3.35E+11,12/12/2023,0.0,1718.0,1790.68,2023-12-12,1718.0,Credit,2023,12,December,12,Tuesday,50,2023-12,Regular Month
12/12/2023,Transport,3.35E+11,12/12/2023,1718.0,0.0,72.68,2023-12-12,1718.0,Debit,2023,12,December,12,Tuesday,50,2023-12,Regular Month
1/1/2024,Misc,0,31/12/23,0.0,8.0,39.68,2024-01-01,8.0,Credit,2024,1,January,1,Monday,1,2024-01,Regular Month
